"drug"	"score"
"1"	"ALLOPURINOL,LAMISIL"	0.999999631126987
"2"	"DIOVAN HCT,OMEPRAZOLE"	0.999999631126987
"3"	"RELAFEN,SKELAXIN"	0.999999631126987
"4"	"GLEEVEC,RINGER'S"	0.999997670453633
"5"	"CYCLOSPORINE,FLUVASTATIN"	0.999979884892719
"6"	"BAYCOL,CARDURA"	0.999866734109372
"7"	"ACCUTANE,VYVANSE"	0.999711337465522
"8"	"AZATHIOPRINE,PROBENECID W/ COLCHICINE"	0.999711337465522
"9"	"BETAMETHASONE SODIUM PHOSPHATE,PENTASA"	0.999711337465522
"10"	"EPLERENONE,NORVASC"	0.999711337465522
"11"	"PLETAL,TENORMIN"	0.999711337465522
"12"	"VFEND,VYTORIN"	0.999114942289708
"13"	"LAMISIL,TERBINAFINE HCL"	0.99907632199551
"14"	"ACIPHEX,LISINOPRIL AND HYDROCHLOROTHIAZIDE"	0.998179796664597
"15"	"ACTOS,EVISTA"	0.998179796664597
"16"	"FORTEO,PROPRANOLOL"	0.998179796664597
"17"	"HYDROCODONE BITARTRATE + ACETAMINOPHEN,PREDNISONE TAB"	0.998179796664597
"18"	"KLONOPIN,VYTORIN"	0.998179796664597
"19"	"AMIKACIN SULFATE,VOLTAREN"	0.997289697280583
"20"	"AUGMENTIN '125',BICILLIN"	0.997289697280583
"21"	"FUROSEMIDE,ZOMETA"	0.997289697280583
"22"	"LAMISIL,MEXITIL"	0.997289697280583
"23"	"LAMISIL,REVIA"	0.997289697280583
"24"	"PENICILLIN,WARFARIN SODIUM"	0.997289697280583
"25"	"DIPRIVAN,PAXIL"	0.995269678249098
"26"	"ABILIFY,DESIPRAMINE HCL"	0.984498107023454
"27"	"ACETAMINOPHEN,CELESTONE SOLUSPAN"	0.984498107023454
"28"	"ACETYLSALICYLIC ACID SRT,NARDIL"	0.984498107023454
"29"	"ACTONEL,AVALIDE"	0.984498107023454
"30"	"ADDERALL XR 15,ZOLOFT"	0.984498107023454
"31"	"ADVICOR,MICARDIS"	0.984498107023454
"32"	"ALBUTEROL,DEPO-MEDROL"	0.984498107023454
"33"	"ALLEGRA,TOFRANIL"	0.984498107023454
"34"	"ALLOPURINOL,ALTACE"	0.984498107023454
"35"	"AMIODARONE HCL,ETOMIDATE"	0.984498107023454
"36"	"AMIODARONE HCL,VYTORIN"	0.984498107023454
"37"	"AMLODIPINE BESYLATE AND BENAZEPRIL HCL,LISINOPRIL"	0.984498107023454
"38"	"ANASTROZOLE,NOROXIN"	0.984498107023454
"39"	"ARICEPT,COUMADIN"	0.984498107023454
"40"	"AVAPRO,TYLENOL (CAPLET)"	0.984498107023454
"41"	"AVASTIN,KEPPRA"	0.984498107023454
"42"	"AVELOX,YASMIN"	0.984498107023454
"43"	"AVONEX,TAMBOCOR"	0.984498107023454
"44"	"AZOR,TYLENOL"	0.984498107023454
"45"	"BACLOFEN,FAMOTIDINE"	0.984498107023454
"46"	"BENICAR,SERAX"	0.984498107023454
"47"	"BETASERON,EPIPEN"	0.984498107023454
"48"	"BIAXIN,METHYLPREDNISOLONE 16MG TAB"	0.984498107023454
"49"	"BIAXIN,NORVASC"	0.984498107023454
"50"	"BOTOX,CALAN"	0.984498107023454
"51"	"BOTOX,DYSPORT"	0.984498107023454
"52"	"BOTOX,FLEXERIL"	0.984498107023454
"53"	"BOTOX,PRAZOSIN HCL"	0.984498107023454
"54"	"BYETTA,FEMHRT"	0.984498107023454
"55"	"CADUET,CIALIS"	0.984498107023454
"56"	"CALCIUM GLUCONATE,CYSTAGON"	0.984498107023454
"57"	"CARDIZEM,ENALAPRIL MALEATE"	0.984498107023454
"58"	"CARTIA XT,PRAZOSIN HCL"	0.984498107023454
"59"	"CARTIA XT,PRAZOSIN HYDROCHLORIDE"	0.984498107023454
"60"	"CELEBREX,DEPO-PROVERA"	0.984498107023454
"61"	"CELEBREX,THEOPHYLLINE"	0.984498107023454
"62"	"CEPHALEXIN,IBUPROFEN"	0.984498107023454
"63"	"CEPHALOTHIN,GENTAMICIN"	0.984498107023454
"64"	"CHANTIX,RABEPRAZOLE SODIUM"	0.984498107023454
"65"	"CHLORPHENIRAMINE MALEATE,LORATADINE"	0.984498107023454
"66"	"CIPRO,FLEXERIL"	0.984498107023454
"67"	"CIPROFLOXACIN HCL,MACROBID"	0.984498107023454
"68"	"CLARITIN,FLOVENT"	0.984498107023454
"69"	"CLONAZEPAM,REMICADE"	0.984498107023454
"70"	"CLONIDINE,METHYLPHENIDATE HYDROCHLORIDE"	0.984498107023454
"71"	"CLONIDINE,UNISOM"	0.984498107023454
"72"	"COATED PDS,LOTREL"	0.984498107023454
"73"	"CODEINE SUL TAB,IBUPROFEN"	0.984498107023454
"74"	"CODEINE SUL TAB,IBUPROFEN TABLETS"	0.984498107023454
"75"	"COREG,GLIMEPIRIDE"	0.984498107023454
"76"	"COREG,VYTORIN"	0.984498107023454
"77"	"COREG,WARFARIN SODIUM"	0.984498107023454
"78"	"CYTOMEL,PROPRANOLOL"	0.984498107023454
"79"	"CYTOSAR-U,IDARUBICIN HCL"	0.984498107023454
"80"	"DECADRON,KENALOG"	0.984498107023454
"81"	"DEPO-MEDROL,OMNIPAQUE 140"	0.984498107023454
"82"	"DEPO-PROVERA,RITALIN"	0.984498107023454
"83"	"DESOGESTREL AND ETHINYL ESTRADIOL,IBUPROFEN"	0.984498107023454
"84"	"DICLOFENAC SODIUM,TRAMADOL HCL"	0.984498107023454
"85"	"DIOVAN HCT,VITAMIN B COMPLEX CAP"	0.984498107023454
"86"	"DOSTINEX,ESTRADIOL"	0.984498107023454
"87"	"DRONABINOL,LYRICA"	0.984498107023454
"88"	"ENBREL,LAMICTAL"	0.984498107023454
"89"	"ESKALITH,PAXIL CR"	0.984498107023454
"90"	"ESTRADERM,LEVOXYL"	0.984498107023454
"91"	"FAMOTIDINE,METFORMIN"	0.984498107023454
"92"	"FASLODEX,XELODA"	0.984498107023454
"93"	"FLORINEF,PAXIL"	0.984498107023454
"94"	"FLUOXETINE HYDROCHLORIDE,WELLBUTRIN"	0.984498107023454
"95"	"FLUVOXAMINE MALEATE,TIZANIDINE HCL"	0.984498107023454
"96"	"GABAPENTIN,NAPROXEN"	0.984498107023454
"97"	"GENASENSE,THALOMID"	0.984498107023454
"98"	"HUMIRA,METHYLPREDNISOLONE ACETATE"	0.984498107023454
"99"	"HYDREA,PROCRIT"	0.984498107023454
"100"	"HYDROCORTISONE,ORTHO EVRA"	0.984498107023454
"101"	"INDOMETHACIN,PREDNISOLONE"	0.984498107023454
"102"	"INSULIN,LAMIVUDINE"	0.984498107023454
"103"	"INSULIN,PACLITAXEL"	0.984498107023454
"104"	"INTRON A,VELCADE"	0.984498107023454
"105"	"ISOTRETINOIN,RIFAMPIN"	0.984498107023454
"106"	"KENACORT,TEGRETOL"	0.984498107023454
"107"	"KENALOG,LIDOCAINE"	0.984498107023454
"108"	"KEPPRA,TEMOZOLOMIDE"	0.984498107023454
"109"	"LABETALOL HCL,OXYCONTIN"	0.984498107023454
"110"	"LAMIVUDINE,SANDIMMUNE"	0.984498107023454
"111"	"LEVAQUIN,LORTAB"	0.984498107023454
"112"	"LEVOFLOXACIN,SENSIPAR"	0.984498107023454
"113"	"LEVOTHYROXINE SODIUM,RABEPRAZOLE SODIUM"	0.984498107023454
"114"	"LEVOTHYROXINE SODIUM,UROXATRAL"	0.984498107023454
"115"	"LIDODERM,LYRICA"	0.984498107023454
"116"	"LYRICA,ZIAC"	0.984498107023454
"117"	"METOPROLOL TARTRATE,VALSARTAN"	0.984498107023454
"118"	"MIACALCIN,ZOLOFT"	0.984498107023454
"119"	"MORPHINE SULFATE INJ,OXYCODONE HCL"	0.984498107023454
"120"	"NAPROXEN SODIUM,SYNTHROID"	0.984498107023454
"121"	"NEBUPENT,TEMOZOLOMIDE"	0.984498107023454
"122"	"NOVOLIN N,PERCOCET"	0.984498107023454
"123"	"NUBAIN,PRIALT"	0.984498107023454
"124"	"OMEPRAZOLE,PRIMPERAN INJ"	0.984498107023454
"125"	"OMEPRAZOLE,RANITIDINE"	0.984498107023454
"126"	"ORENCIA,VICODIN"	0.984498107023454
"127"	"PAXIL,PRIALT"	0.984498107023454
"128"	"PAXIL,ZIAC"	0.984498107023454
"129"	"PREMARIN,SUTENT"	0.984498107023454
"130"	"PREVACID,WARFARIN SODIUM"	0.984498107023454
"131"	"PROAMATINE,TOPROL-XL"	0.984498107023454
"132"	"PYRIDOXINE HCL,TRILEPTAL"	0.984498107023454
"133"	"RAPAMUNE,TARCEVA"	0.984498107023454
"134"	"TIZANIDINE HCL,VOLTAREN"	0.984498107023454
"135"	"VYTORIN,ZELNORM"	0.984498107023454
"136"	"LARIAM,ZOLOFT"	0.982311480464508
"137"	"KETEK,MAXZIDE"	0.980325940258428
"138"	"PROPECIA,VYTORIN"	0.980325940258428
"139"	"INDOCIN,REMICADE"	0.975815167721008
"140"	"DOXEPIN HCL,INTRON A"	0.96238881823118
"141"	"LAMISIL,STRATTERA"	0.95198770199869
"142"	"MIRENA,OMEPRAZOLE"	0.936899604322533
"143"	"LORTAB,ZELNORM"	0.935052789102412
"144"	"ACETAMINOPHEN,ZYBAN"	0.913259839741212
"145"	"AMPICILLIN AND SULBACTAM,CIPROFLOXACIN"	0.872690719776183
"146"	"CELEBREX,YAZ"	0.872690719776183
"147"	"ABILIFY,ZETIA"	0.870927811649772
"148"	"ACETAMINOPHEN,ATACAND"	0.870927811649772
"149"	"ACETAMINOPHEN,CILOSTAZOL"	0.870927811649772
"150"	"ACIPHEX,ZYPREXA"	0.870927811649772
"151"	"ACTOS,VYTORIN"	0.870927811649772
"152"	"ADALAT,MOBIC"	0.870927811649772
"153"	"ADDERALL XR 20,ADDERALL XR 30"	0.870927811649772
"154"	"ADVIL,TRANDATE"	0.870927811649772
"155"	"ALDOMET,MODURETIC 5-50"	0.870927811649772
"156"	"ALLEGRA,IRESSA"	0.870927811649772
"157"	"AMINOPHYLLINE,THEOPHYLLINE"	0.870927811649772
"158"	"AMPHOTERICIN B,PROGRAF"	0.870927811649772
"159"	"ARAVA,ENALAPRIL MALEATE"	0.870927811649772
"160"	"ARICEPT,SERTRALINE HCL"	0.870927811649772
"161"	"ARIPIPRAZOLE,LAMISIL"	0.870927811649772
"162"	"ASPIRIN,TRAMADOL HYDROCHLORIDE AND ACETAMINOPHEN"	0.870927811649772
"163"	"ATACAND,COUMADIN"	0.870927811649772
"164"	"ATACAND,DILTIAZEM HCL"	0.870927811649772
"165"	"ATACAND,TRISEQUENS"	0.870927811649772
"166"	"ATRIPLA,KETOCONAZOLE"	0.870927811649772
"167"	"AUGMENTIN '125',BICILLIN L-A"	0.870927811649772
"168"	"BACLOFEN,RIFAMPICIN"	0.870927811649772
"169"	"BACTRIM,LEUSTATIN"	0.870927811649772
"170"	"BACTRIM,VYTORIN"	0.870927811649772
"171"	"BARACLUDE,ZITHROMAX"	0.870927811649772
"172"	"BIAXIN,VYTORIN"	0.870927811649772
"173"	"BIPERIDEN HYDROCHLORIDE TAB,RISPERIDONE"	0.870927811649772
"174"	"BUDESONIDE,FLUTICASONE PROPIONATE"	0.870927811649772
"175"	"BUPIVACAINE HCL,ZANTAC"	0.870927811649772
"176"	"CELEBREX,ESCITALOPRAM"	0.870927811649772
"177"	"CELESTONE TAB,VOLTAREN"	0.870927811649772
"178"	"CEPHALEXIN,CLOZAPINE"	0.870927811649772
"179"	"CEPHALEXIN,CLOZARIL"	0.870927811649772
"180"	"CHLORPROMAZINE HYDROCHLORIDE,FLUVOXAMINE MALEATE"	0.870927811649772
"181"	"CLARITIN,KEPPRA"	0.870927811649772
"182"	"CLOZAPINE,ZIPRASIDONE HCL"	0.870927811649772
"183"	"DILTIAZEM HYDROCHLORIDE,DIPRIVAN"	0.870927811649772
"184"	"DONEPEZIL HCL,SERTRALINE HCL"	0.870927811649772
"185"	"EFFEXOR,OXAZEPAM"	0.870927811649772
"186"	"ENALAPRIL MALEATE,PRIMAXIN"	0.870927811649772
"187"	"ESTROGENS SOL/INJ,RISPERDAL"	0.870927811649772
"188"	"FACTIVE,PREDNISOLONE"	0.870927811649772
"189"	"FAMOTIDINE,VOLTAREN"	0.870927811649772
"190"	"FLURAZEPAM,MORPHINE SULFATE"	0.870927811649772
"191"	"FLUVOXAMINE MALEATE,THORAZINE"	0.870927811649772
"192"	"FORANE,MIDAZOLAM HCL"	0.870927811649772
"193"	"FOSPHENYTOIN SODIUM,PROPOFOL"	0.870927811649772
"194"	"GEODON,IBUPROFEN"	0.870927811649772
"195"	"GEODON,LISINOPRIL"	0.870927811649772
"196"	"HALOPERIDOL,VENLAFAXIINE HCL"	0.870927811649772
"197"	"HYZAAR,VYTORIN"	0.870927811649772
"198"	"ISOVUE-M 300,OMNISCAN"	0.870927811649772
"199"	"KADIAN,OXYCODONE HCL"	0.870927811649772
"200"	"KALETRA,VIAGRA"	0.870927811649772
"201"	"KEFLEX,RISPERDAL"	0.870927811649772
"202"	"KETOCONAZOLE,VYTORIN"	0.870927811649772
"203"	"LEVOFLOXACIN,TRIMETHOPRIM + SULFAMETHOXAZOLE"	0.870927811649772
"204"	"LISINOPRIL,MIRTAZAPINE"	0.870927811649772
"205"	"LORAZEPAM,TOPAMAX"	0.870927811649772
"206"	"LOTENSIN,VYTORIN"	0.870927811649772
"207"	"LOTREL,VYTORIN"	0.870927811649772
"208"	"LOXAPINE SUCCINATE,RISPERDAL"	0.870927811649772
"209"	"LUVOX,ZYPREXA"	0.870927811649772
"210"	"MIDAZOLAM HCL,PEPCID"	0.870927811649772
"211"	"NAPROXEN,ZYPREXA"	0.870927811649772
"212"	"NEURONTIN,VYTORIN"	0.870927811649772
"213"	"NORVASC,VYTORIN"	0.870927811649772
"214"	"OLANZAPINE,XANAX"	0.870927811649772
"215"	"OLANZAPINE,ZESTRIL"	0.870927811649772
"216"	"OXAZEPAM,VENLAFAXIINE HCL"	0.870927811649772
"217"	"PAMELOR,PROTONIX"	0.870927811649772
"218"	"PAROXETINE,RABEPRAZOLE SODIUM"	0.870927811649772
"219"	"PEPCID,PITRESSIN"	0.870927811649772
"220"	"PROPOFOL,XIGRIS"	0.870927811649772
"221"	"REBIF,VALPROIC ACID"	0.870927811649772
"222"	"SOTALOL HCL,VERAPAMIL"	0.870927811649772
"223"	"SPORANOX,VYTORIN"	0.870927811649772
"224"	"TEMAZEPAM,ZETIA"	0.870927811649772
"225"	"THEOPHYLLINE,ZOLPIDEM TARTRATE"	0.870927811649772
"226"	"VERAPAMIL EXTENDED-RELEASE,VYTORIN"	0.870927811649772
"227"	"VERELAN,VYTORIN"	0.870927811649772
"228"	"VIAGRA,VYTORIN"	0.870927811649772
"229"	"DIFLUCAN,FUNGIZONE"	0.845293046256852
"230"	"DIOVAN HCT,GLUCOVANCE"	0.845293046256852
"231"	"ACTOPLUS MET,DIOVAN"	0.802334097803196
"232"	"AUGMENTIN '125',TAMIFLU"	0.802334097803196
"233"	"AVONEX,VERAPAMIL"	0.765468013399788
"234"	"BOTOX,KLONOPIN"	0.765468013399788
"235"	"LEVOXYL,YASMIN"	0.765468013399788
"236"	"NIFEDIPINE,NITROGLYCERIN"	0.765468013399788
"237"	"TOBRADEX,XALATAN"	0.765468013399788
"238"	"VALTREX,YAZ"	0.765468013399788
"239"	"VYTORIN,ZOLOFT"	0.765468013399788
"240"	"AVAPRO,METOPROLOL TARTRATE"	0.684960142202263
"241"	"CAMPRAL,GEODON"	0.640413515478773
"242"	"DIPRIVAN,ULTIVA"	0.640413515478773
"243"	"LAMISIL,MENTAX"	0.640413515478773
"244"	"ACTONEL,NEXIUM"	0.602850919389778
"245"	"PROTONIX,VYTORIN"	0.560569799804996
"246"	"DIOVAN,VYTORIN"	0.529070871037742
"247"	"ABILIFY,ADVICOR"	0.504549603236223
"248"	"ACCUTANE,ADIPEX"	0.504549603236223
"249"	"ACCUTANE,LISINOPRIL"	0.504549603236223
"250"	"ACETYLSALICYLIC ACID SRT,DIOVAN HCT"	0.504549603236223
"251"	"ACTOS,OMACOR"	0.504549603236223
"252"	"AMNESTEEM,MULTIVITAMIN"	0.504549603236223
"253"	"AMNESTEEM,NORETHINDRONE ACETATE"	0.504549603236223
"254"	"ANAFRANIL,CLOZAPINE"	0.504549603236223
"255"	"AREDIA,CALCITONIN-SALMON"	0.504549603236223
"256"	"ATACAND,LOTRONEX"	0.504549603236223
"257"	"BACTRIM,REYATAZ"	0.504549603236223
"258"	"BARACLUDE,METFORMIN HCL"	0.504549603236223
"259"	"BEXTRA,HYDROCODONE BITARTRATE"	0.504549603236223
"260"	"BUSPIRONE HCL,CLOZARIL"	0.504549603236223
"261"	"CADUET,HYDROCHLOROTHIAZIDE"	0.504549603236223
"262"	"CLARITIN,STRATTERA"	0.504549603236223
"263"	"COUMADIN,INDERAL"	0.504549603236223
"264"	"CYCLOSPORINE,SORIATANE"	0.504549603236223
"265"	"CYMBALTA,NORVASC"	0.504549603236223
"266"	"DIOVAN,HYGROTON"	0.504549603236223
"267"	"EFFEXOR XR,PRAZEPAM"	0.504549603236223
"268"	"ESTRATEST,ZYPREXA"	0.504549603236223
"269"	"FEMARA,PAXIL"	0.504549603236223
"270"	"GLIPIZIDE,GLUMETZA"	0.504549603236223
"271"	"HUMALOG,REZULIN"	0.504549603236223
"272"	"ISOTRETINOIN,PAROXETINE"	0.504549603236223
"273"	"KALETRA,RESCRIPTOR"	0.504549603236223
"274"	"LOPERAMIDE HCL,XELODA"	0.504549603236223
"275"	"LOTREL,SEROQUEL"	0.504549603236223
"276"	"METOPROLOL SUCCINATE,ZYPREXA"	0.504549603236223
"277"	"NEXIUM,VIRAMUNE"	0.504549603236223
"278"	"PIOGLITAZONE HCL,ZYPREXA"	0.504549603236223
"279"	"PREDNISONE,ZYPREXA"	0.504549603236223
"280"	"SERZONE,ZYPREXA"	0.504549603236223
"281"	"SULFASALAZINE,WELLBUTRIN SR"	0.504549603236223
"282"	"VIREAD,VOLTAREN"	0.504549603236223
"283"	"VYTORIN,YASMIN"	0.504549603236223
"284"	"ZIPRASIDONE,ZYPREXA"	0.504549603236223
"285"	"AVELOX,SINGULAIR"	0.464495726847418
"286"	"CORDARONE,SYNTHROID"	0.451461083602377
"287"	"ABRAXANE,VITAMIN A"	0.425252868128738
"288"	"ACETYLSALICYLIC ACID SRT,ATENOLOL"	0.425252868128738
"289"	"ARIMIDEX,OMEPRAZOLE"	0.425252868128738
"290"	"ASPIRIN,KLONOPIN"	0.425252868128738
"291"	"AVANDIA,FOSAMAX"	0.425252868128738
"292"	"AYGESTIN,LUPRON"	0.425252868128738
"293"	"BETAFERON,IMURAN"	0.425252868128738
"294"	"BETASERON,LYRICA"	0.425252868128738
"295"	"BETASERON,ULTRACET"	0.425252868128738
"296"	"BEXTRA,CELECOXIB"	0.425252868128738
"297"	"BEXTRA,DELTASONE"	0.425252868128738
"298"	"BISOPROLOL FUMARATE,WARFARIN SODIUM"	0.425252868128738
"299"	"BONIVA,PERCOCET"	0.425252868128738
"300"	"BOTOX,LYRICA"	0.425252868128738
"301"	"CARBAMAZEPINE,ZONEGRAN"	0.425252868128738
"302"	"CATAPRES-TTS-1,NEBIVOLOL HCL"	0.425252868128738
"303"	"CELEBREX,VYTORIN"	0.425252868128738
"304"	"CHANTIX,FLONASE"	0.425252868128738
"305"	"COREG,HYZAAR"	0.425252868128738
"306"	"COZAAR,SINEMET"	0.425252868128738
"307"	"CYCLOSPORINE,METHOTREXATE SODIUM"	0.425252868128738
"308"	"CYTARABINE,LEVOTHYROXINE SODIUM"	0.425252868128738
"309"	"CYTARABINE,LOVENOX"	0.425252868128738
"310"	"DIGOXIN,VERAPAMIL"	0.425252868128738
"311"	"DIOVAN,FUROSEMIDE"	0.425252868128738
"312"	"EFFEXOR XR,TOPAMAX"	0.425252868128738
"313"	"FLUDARABINE PHOSPHATE,PROLEUKIN"	0.425252868128738
"314"	"FOSAMAX,MOTRIN"	0.425252868128738
"315"	"GEMZAR,NEULASTA"	0.425252868128738
"316"	"HYDROXYZINE HCL,VYTORIN"	0.425252868128738
"317"	"JANUVIA,LUNESTA"	0.425252868128738
"318"	"LIOTHYRONINE SODIUM,PROPRANOLOL"	0.425252868128738
"319"	"LOESTRIN 24 FE,TOPROL-XL"	0.425252868128738
"320"	"LUPRON,NORETHINDRONE ACETATE"	0.425252868128738
"321"	"MEDROL,MOXIFLOXACIN HYDROCHLORIDE"	0.425252868128738
"322"	"METHYLPHENIDATE HCL,XYREM"	0.425252868128738
"323"	"MOXIFLOXACIN HCL,RYTHMOL"	0.425252868128738
"324"	"NICOTINE,NICOTROL"	0.425252868128738
"325"	"PREDNISOLONE,WARFARIN SODIUM"	0.425252868128738
"326"	"PREDNISONE,ZITHROMAX"	0.425252868128738
"327"	"RITUXAN,VELCADE"	0.425252868128738
"328"	"SPIRIVA,ZANTAC"	0.425252868128738
"329"	"VENLAFAXINE HCL,XYREM"	0.425252868128738
"330"	"LARIAM,XANAX"	0.422685113917363
"331"	"NORVASC,VOLTAREN"	0.422685113917363
"332"	"AUGMENTIN '125',AVELOX"	0.418385827220559
"333"	"REYATAZ,ZERIT"	0.388776528926933
"334"	"ABILIFY,MULTI-VITAMIN"	0.319761403744551
"335"	"ABILIFY,RITALIN LA"	0.319761403744551
"336"	"ACARBOSE,ENALAPRIL MALEATE"	0.319761403744551
"337"	"ACCUTANE,STRATTERA"	0.319761403744551
"338"	"ACETAMINOPHEN,INDOMETHACIN"	0.319761403744551
"339"	"ADALAT CC,DILTIAZEM"	0.319761403744551
"340"	"ADVICOR,MOBIC"	0.319761403744551
"341"	"ALTACE,INSULIN"	0.319761403744551
"342"	"AMARYL,CYANOCOBALAMIN"	0.319761403744551
"343"	"AMIKIN,AMIODARONE HCL"	0.319761403744551
"344"	"AMLODIPINE BESYLATE,LOSARTAN POTASSIUM AND HYDROCHLOROTHIAZIDE"	0.319761403744551
"345"	"AMLODIPINE,ASPEGIC 1000"	0.319761403744551
"346"	"ANTIHISTAMINE,TRAMADOL HCL"	0.319761403744551
"347"	"AREDIA,TRAMADOL HCL"	0.319761403744551
"348"	"ARTANE,VALTREX"	0.319761403744551
"349"	"ARTANE,ZYPREXA"	0.319761403744551
"350"	"ASPIRIN,ISOSORBIDE MONONITRATE"	0.319761403744551
"351"	"ASPIRIN,RITALIN"	0.319761403744551
"352"	"ATENOLOL,BOTOX COSMETIC"	0.319761403744551
"353"	"ATROPINE SULFATE,EXELON"	0.319761403744551
"354"	"AUGMENTIN '125',GAMUNEX"	0.319761403744551
"355"	"AVELOX,MINOCYCLINE HCL"	0.319761403744551
"356"	"BACLOFEN,MIRTAZAPINE"	0.319761403744551
"357"	"BARACLUDE,IBUPROFEN"	0.319761403744551
"358"	"BENZONATATE,OXYCONTIN"	0.319761403744551
"359"	"BETAFERON,VIOXX"	0.319761403744551
"360"	"BUPRENORPHINE HCL,VENLAFAXINE HCL EXTENDED-RELEASE"	0.319761403744551
"361"	"CADUET,MAXZIDE"	0.319761403744551
"362"	"CADUET,VALSARTAN"	0.319761403744551
"363"	"CAPTOPRIL,RISPERDAL"	0.319761403744551
"364"	"CARBAMAZEPINE,CLOMIPRAMINE HCL"	0.319761403744551
"365"	"CARBAMAZEPINE,PAROXETINE"	0.319761403744551
"366"	"CEREZYME,PROCATEROL HCL"	0.319761403744551
"367"	"CHOLEBRINE,DIOVAN"	0.319761403744551
"368"	"CIPROFLOXACIN HCL,PHENAZOPYRIDINE HCL TAB"	0.319761403744551
"369"	"CITALOPRAM,LORAZEPAM"	0.319761403744551
"370"	"CLONAZEPAM,PERPHENAZINE"	0.319761403744551
"371"	"CLONAZEPAM,TRILAFON"	0.319761403744551
"372"	"CLOZAPINE,PROTONIX"	0.319761403744551
"373"	"COMTAN,PARLODEL"	0.319761403744551
"374"	"COPAXONE,LEVOTHYROXINE SODIUM"	0.319761403744551
"375"	"COPAXONE,ZANAFLEX"	0.319761403744551
"376"	"CUBICIN,GENTAMICIN SULFATE"	0.319761403744551
"377"	"CYANOCOBALAMIN,GLEEVEC"	0.319761403744551
"378"	"DAYPRO,VYTORIN"	0.319761403744551
"379"	"DEPAKOTE,ZOLPIDEM"	0.319761403744551
"380"	"DIAZEPAM,INVEGA"	0.319761403744551
"381"	"DILTIAZEM HYDROCHLORIDE,HYDROCHLOROTHIAZIDE"	0.319761403744551
"382"	"DILTIAZEM,GEODON"	0.319761403744551
"383"	"DORAL,HALCION"	0.319761403744551
"384"	"DOXYLAMINE SUCCINATE,LORAZEPAM"	0.319761403744551
"385"	"EFFEXOR,GLEEVEC"	0.319761403744551
"386"	"ENDEP,TRAMADOL HCL"	0.319761403744551
"387"	"ESCITALOPRAM OXALATE,SEROQUEL"	0.319761403744551
"388"	"EXFORGE,VISKEN"	0.319761403744551
"389"	"FEMARA,TAXOL"	0.319761403744551
"390"	"FEXOFENADINE,LANSOPRAZOLE"	0.319761403744551
"391"	"FLONASE,KETEK"	0.319761403744551
"392"	"FLUPHENAZINE DECANOATE,HALDOL"	0.319761403744551
"393"	"GABAPENTIN,HALOPERIDOL"	0.319761403744551
"394"	"GABITRIL,ZONEGRAN"	0.319761403744551
"395"	"IDAMYCIN,VESANOID"	0.319761403744551
"396"	"LAMICTAL,MIRTAZAPINE"	0.319761403744551
"397"	"LAMISIL,NIFEDIPINE"	0.319761403744551
"398"	"LEVOFLOXACIN,UNASYN"	0.319761403744551
"399"	"LORTAB,ZYPREXA"	0.319761403744551
"400"	"MERCAPTOPURINE,VINCRISTINE"	0.319761403744551
"401"	"METFORMIN HYDROCHLORIDE,ZYPREXA"	0.319761403744551
"402"	"METOPROLOL TARTRATE,MIDAZOLAM HCL"	0.319761403744551
"403"	"MICARDIS,OMEPRAZOLE"	0.319761403744551
"404"	"MIRTAZAPINE,VENLAFAXINE HCL EXTENDED-RELEASE"	0.319761403744551
"405"	"MORPHINE HCL ELIXIR,RITALIN"	0.319761403744551
"406"	"NEXAVAR,URSO 250"	0.319761403744551
"407"	"NIFEDIPINE,PENICILLAMINE"	0.319761403744551
"408"	"NORTRIPTYLINE HCL,VALPROIC ACID"	0.319761403744551
"409"	"ORAP,PAXIL"	0.319761403744551
"410"	"OXYCONTIN,ZICONOTIDE"	0.319761403744551
"411"	"PANCURONIUM,SUCCINYLCHOLINE CHLORIDE"	0.319761403744551
"412"	"PANTOPRAZOLE SODIUM,VIAGRA"	0.319761403744551
"413"	"PANTOPRAZOLE SODIUM,ZYPREXA"	0.319761403744551
"414"	"PERMAX,REYATAZ"	0.319761403744551
"415"	"RABEPRAZOLE SODIUM,VESICARE"	0.319761403744551
"416"	"SEVOFLURANE,SUCCINYLCHOLINE CHLORIDE"	0.319761403744551
"417"	"TAMSULOSIN HCL,VYTORIN"	0.319761403744551
"418"	"VIRACEPT,VIRAMUNE"	0.319761403744551
"419"	"ZETIA,ZOLOFT"	0.319761403744551
"420"	"TENORMIN,VIOXX"	0.311098875387415
"421"	"AVONEX,LISINOPRIL"	0.281444142065365
"422"	"AVONEX,FLUOXETINE"	0.256015266426891
"423"	"DECADRON,ZANTAC"	0.256015266426891
"424"	"ARIMIDEX,TOPROL-XL"	0.23294977604813
"425"	"ASPIRIN,SPIRIVA"	0.23294977604813
"426"	"CHANTIX,FOSAMAX"	0.23294977604813
"427"	"MAGNEVIST,MOTRIN"	0.23294977604813
"428"	"FLUPHENAZINE,OLANZAPINE"	0.231513516357521
"429"	"VERAPAMIL,VYTORIN"	0.231513516357521
"430"	"TOPROL-XL,VYTORIN"	0.228189110137314
"431"	"8-HOUR BAYER,DIOVAN"	0.194311055343845
"432"	"ACETAMINOPHEN W/ PROPOXYPHENE HCL,LYRICA"	0.194311055343845
"433"	"ACETAMINOPHEN,ZITHROMAX"	0.194311055343845
"434"	"CERTICAN,MYCOPHENOLIC ACID"	0.194311055343845
"435"	"CHORIONIC GONADOTROPIN,GONADORELIN INJ"	0.194311055343845
"436"	"CLONAZEPAM,VALIUM"	0.194311055343845
"437"	"CLOZAPINE,PROZAC"	0.194311055343845
"438"	"COUMADIN,CUBICIN"	0.194311055343845
"439"	"DIOVAN,OMEPRAZOLE"	0.194311055343845
"440"	"DIVALPROEX SODIUM,OLANZAPINE"	0.194311055343845
"441"	"DOXEPIN HCL,ZOLOFT"	0.194311055343845
"442"	"FLUOXETINE,LAMOTRIGINE"	0.194311055343845
"443"	"GONAL-F,PROFASI HP"	0.194311055343845
"444"	"IBUPROFEN,OMNICEF"	0.194311055343845
"445"	"IRESSA,LISINOPRIL"	0.194311055343845
"446"	"KEFZOL,TEQUIN"	0.194311055343845
"447"	"LISINOPRIL,ZETIA"	0.194311055343845
"448"	"LITHIUM CARBONATE,OXYCONTIN"	0.194311055343845
"449"	"LYRICA,OXCARBAZEPINE"	0.194311055343845
"450"	"METFORMIN HYDROCHLORIDE,RAMIPRIL"	0.194311055343845
"451"	"NITRAZEPAM,TRAMADOL HCL"	0.194311055343845
"452"	"PROPOFOL,VALPROIC ACID"	0.194311055343845
"453"	"SOTALOL HYDROCHLORIDE,VERAPAMIL"	0.194311055343845
"454"	"AVALIDE,VYTORIN"	0.19386001073425
"455"	"TRAZODONE HCL,ZYPREXA"	0.180207335779691
"456"	"CHANTIX,TOPAMAX"	0.178322278881449
"457"	"MORPHINE,PRIALT"	0.174009099557767
"458"	"OMEPRAZOLE,VIOXX"	0.171871693041018
"459"	"VESANOID,VFEND"	0.171871693041018
"460"	"DACTINOMYCIN,VINCRISTINE SULFATE"	0.161888943820762
"461"	"ARICEPT,RISPERDAL"	0.153490661664491
"462"	"CAMPTOSAR,CARBOPLATIN"	0.15078016966318
"463"	"AMOXICILLIN TRIHYDRATE,RELENZA"	0.147472099008463
"464"	"GABAPENTIN,PROPRANOLOL"	0.147472099008463
"465"	"AMBISOME,POSACONAZOLE"	0.143639118893869
"466"	"ATENOLOL,METOPROLOL TARTRATE"	0.143639118893869
"467"	"AZATHIOPRINE,PREDNISONE TAB"	0.143639118893869
"468"	"BETASERON,GABAPENTIN"	0.143639118893869
"469"	"BIAXIN,LEVOTHYROXINE SODIUM"	0.143639118893869
"470"	"BUPIVACAINE,NAROPIN"	0.143639118893869
"471"	"CASODEX,LUPRON DEPOT-4"	0.143639118893869
"472"	"CHLOROQUINE PHOSPHATE,HYDROXYCHLOROQUINE SULFATE"	0.143639118893869
"473"	"CLONIDINE,RISPERIDONE"	0.143639118893869
"474"	"CYMBALTA,LORTAB"	0.143639118893869
"475"	"FORTEO,TESTOSTERONE"	0.143639118893869
"476"	"GLUCOVANCE,LOTREL"	0.143639118893869
"477"	"IMURAN,PREDNISONE"	0.143639118893869
"478"	"IRINOTECAN HYDROCHLORIDE,TEMODAR"	0.143639118893869
"479"	"JANUVIA,STARLIX"	0.143639118893869
"480"	"LIDOCAINE,TRIAMCINOLONE"	0.143639118893869
"481"	"LYRICA,PREDNISONE"	0.143639118893869
"482"	"MALARONE,YASMIN"	0.143639118893869
"483"	"METHYLPREDNISOLONE,PREDNISONE TAB"	0.143639118893869
"484"	"METOPROLOL SUCCINATE,SEROQUEL"	0.143639118893869
"485"	"PRAMIPEXOLE DIHYDROCHLORIDE,STALEVO 100"	0.143639118893869
"486"	"PREDNISONE,WARFARIN SODIUM"	0.143639118893869
"487"	"TRIAZOLAM,VIAGRA"	0.143639118893869
"488"	"LEUPROLIDE ACETATE,ZOMETA"	0.133976495623107
"489"	"PREDNISONE TAB,ZYPREXA"	0.131182279663192
"490"	"DICLOFENAC SODIUM,IMMUCYST"	0.13031707576383
"491"	"CHANTIX,SEROQUEL"	0.120415606418959
"492"	"REQUIP XL,SINEMET"	0.120415606418959
"493"	"BUPIVACAINE,HYDROMORPHONE HCL"	0.110837720226593
"494"	"AMITRIPTYLINE HCL,BACLOFEN"	0.110288419328277
"495"	"KALETRA,SUSTIVA"	0.110288419328277
"496"	"METHYLPREDNISOLONE,TAXOTERE"	0.110288419328277
"497"	"LEVOTHYROXINE SODIUM,TERBINAFINE HCL"	0.110243975258772
"498"	"ACYCLOVIR,CEFTRIAXONE"	0.11021739478128
"499"	"ARIMIDEX,UFT"	0.11021739478128
"500"	"PAROXETINE HYDROCHLORIDE,ZYPREXA"	0.11021739478128
"501"	"ALLI,COUMADIN"	0.0914761352726677
"502"	"ALPRAZOLAM,NARDIL"	0.0890675159848416
"503"	"ACCUTANE,ALBUTEROL"	0.0856666471167776
"504"	"ACCUTANE,KENALOG"	0.0856666471167776
"505"	"ACETAMINOPHEN,AUGMENTIN '250'"	0.0856666471167776
"506"	"AMBIEN,GEODON"	0.0856666471167776
"507"	"CHANTIX,PROPECIA"	0.0856666471167776
"508"	"COREG,VIOXX"	0.0856666471167776
"509"	"COREG,ZYPREXA"	0.0856666471167776
"510"	"DEPO-MEDROL,NEXIUM"	0.0856666471167776
"511"	"DEPO-PROVERA,PRILOSEC"	0.0856666471167776
"512"	"DOXEPIN HCL,TYSABRI"	0.0856666471167776
"513"	"FOLIC ACID,ZYPREXA"	0.0856666471167776
"514"	"GLEEVEC,OMEPRAZOLE"	0.0856666471167776
"515"	"GLIPIZIDE,HUMULIN N"	0.0856666471167776
"516"	"KALETRA,NORVIR"	0.0856666471167776
"517"	"TYLENOL,ZOLOFT"	0.0856666471167776
"518"	"ZIPRASIDONE HCL,ZYPREXA"	0.0856666471167776
"519"	"ADDERALL 10,CONCERTA"	0.0739558093277539
"520"	"ADDERALL XR 10,CONCERTA"	0.0739558093277539
"521"	"AMBIEN,CHANTIX"	0.0739558093277539
"522"	"AMIODARONE HCL,CORDARONE"	0.0739558093277539
"523"	"ATENOLOL,AVANDAMET"	0.0739558093277539
"524"	"ATIVAN,MORPHINE SULFATE"	0.0739558093277539
"525"	"AVELOX,CIPROFLOXACIN HCL"	0.0739558093277539
"526"	"AVONEX,LIORESAL"	0.0739558093277539
"527"	"BENICAR,TYSABRI"	0.0739558093277539
"528"	"BETASERON,TYLENOL (CAPLET)"	0.0739558093277539
"529"	"CARIMUNE,GAMUNEX"	0.0739558093277539
"530"	"CELEBREX,NAPROXEN"	0.0739558093277539
"531"	"CHANTIX,IBANDRONATE SODIUM"	0.0739558093277539
"532"	"CLARITIN-D,ORTHO TRI-CYCLEN LO"	0.0739558093277539
"533"	"DUTASTERIDE,TAMSULOSIN HCL"	0.0739558093277539
"534"	"FACTIVE,LEVAQUIN"	0.0739558093277539
"535"	"FOSAMAX,VOLTAREN"	0.0739558093277539
"536"	"GEMCITABINE,TAXOL"	0.0739558093277539
"537"	"NAVANE,ZYPREXA"	0.0739558093277539
"538"	"PAXIL,WARFARIN SODIUM"	0.0739558093277539
"539"	"STRATTERA,TRANXENE"	0.0739558093277539
"540"	"SYNTHROID,VYTORIN"	0.0739558093277539
"541"	"ABILIFY,RISPERDAL CONSTA"	0.0735963494165899
"542"	"ASPIRIN,TRAMADOL HCL"	0.0735963494165899
"543"	"AVODART,VYTORIN"	0.0735963494165899
"544"	"AZATHIOPRINE,METHYLPREDNISOLONE 16MG TAB"	0.0735963494165899
"545"	"CHORIONIC GONADORTOPIN INJ,GONAL-F"	0.0735963494165899
"546"	"DEXAMETHASONE,TEMODAL"	0.0735963494165899
"547"	"EFFEXOR XR,LEVOTHYROXINE SODIUM"	0.0735963494165899
"548"	"FLUOXETINE,QUETIAPINE FUMARATE"	0.0735963494165899
"549"	"MANNITOL,PROPOFOL"	0.0735963494165899
"550"	"METFORMIN HCL,RAMIPRIL"	0.0735963494165899
"551"	"METHYLPHENIDATE HCL,RISPERDAL"	0.0735963494165899
"552"	"RAPTIVA,SORIATANE"	0.0735963494165899
"553"	"AREDIA,REVLIMID"	0.0734217806804464
"554"	"AVONEX,VIAGRA"	0.0729973868004094
"555"	"ACETAMINOPHEN,DIAZEPAM TAB"	0.0692771214995295
"556"	"ACETYLSALICYLIC ACID SRT,INSPRA"	0.0692771214995295
"557"	"ACTONEL,TARCEVA"	0.0692771214995295
"558"	"ACTONEL,ZETIA"	0.0692771214995295
"559"	"ACYCLOVIR,PAXIL"	0.0692771214995295
"560"	"ADALAT,LASIX"	0.0692771214995295
"561"	"ADRENALIN IN OIL INJ,MARCAINE"	0.0692771214995295
"562"	"ADVAIR DISKUS 100/50,AVALIDE"	0.0692771214995295
"563"	"ADVAIR DISKUS 100/50,BIAXIN"	0.0692771214995295
"564"	"ADVAIR DISKUS 100/50,POTASSIUM CHLORIDE"	0.0692771214995295
"565"	"ADVAIR DISKUS 100/50,PROGESTERONE"	0.0692771214995295
"566"	"ADVAIR HFA,COZAAR"	0.0692771214995295
"567"	"ADVIL LIQUI-GELS,ZOLADEX"	0.0692771214995295
"568"	"ADVIL,RECLAST"	0.0692771214995295
"569"	"ADVIL,SOMA"	0.0692771214995295
"570"	"ADVIL,TRIPHASIL-28"	0.0692771214995295
"571"	"ALBUTEROL,EXJADE"	0.0692771214995295
"572"	"ALLEGRA,FLOVENT"	0.0692771214995295
"573"	"ALLI,AVIANE-21"	0.0692771214995295
"574"	"ALLI,FEMARA"	0.0692771214995295
"575"	"ALLI,LITHOBID"	0.0692771214995295
"576"	"ALLI,ZANTAC"	0.0692771214995295
"577"	"ALLOPURINOL,AVELOX"	0.0692771214995295
"578"	"ALTACE,FORTEO"	0.0692771214995295
"579"	"ALTACE,PLENDIL"	0.0692771214995295
"580"	"AMITIZA,BARACLUDE"	0.0692771214995295
"581"	"AMITRIL,CARBAMAZEPINE"	0.0692771214995295
"582"	"AMLODIPINE,PONSTEL"	0.0692771214995295
"583"	"AMPICILLIN,ORTHO EVRA"	0.0692771214995295
"584"	"ANTICOAGULANT CITRATE DEXTROSE,SODIUM CHLORIDE"	0.0692771214995295
"585"	"ARICEPT,CELEBREX"	0.0692771214995295
"586"	"ARIMIDEX,COREG"	0.0692771214995295
"587"	"ARIMIDEX,LEVOTHROID"	0.0692771214995295
"588"	"AROMASIN,GLEEVEC"	0.0692771214995295
"589"	"ASACOL,LOTRONEX"	0.0692771214995295
"590"	"ASMANEX TWISTHALER,SEREVENT"	0.0692771214995295
"591"	"ASMANEX TWISTHALER,SYMBICORT"	0.0692771214995295
"592"	"ATACAND HCT,CLONIDINE"	0.0692771214995295
"593"	"ATENOLOL AND CHLORTHALIDONE,FORTEO"	0.0692771214995295
"594"	"ATENOLOL,DOXAZOSIN MESYLATE"	0.0692771214995295
"595"	"ATENOLOL,LEVAQUIN"	0.0692771214995295
"596"	"AUGMENTIN,DELTACORTRIL"	0.0692771214995295
"597"	"AUGMENTIN,ZOMETA"	0.0692771214995295
"598"	"AVALIDE,LISINOPRIL"	0.0692771214995295
"599"	"AVALIDE,PRINIVIL"	0.0692771214995295
"600"	"AVANDAMET,GABAPENTIN"	0.0692771214995295
"601"	"AVANDARYL,HYDROCHLOROTHIAZIDE"	0.0692771214995295
"602"	"AVAPRO,ORTHO EVRA"	0.0692771214995295
"603"	"AVELOX,AZITHROMYCIN"	0.0692771214995295
"604"	"AVELOX,HEPARIN"	0.0692771214995295
"605"	"AVELOX,LEVOTHYROXINE SODIUM"	0.0692771214995295
"606"	"AVODART,XALATAN"	0.0692771214995295
"607"	"AVONEX,DECADRON"	0.0692771214995295
"608"	"AVONEX,H P ACTHAR"	0.0692771214995295
"609"	"AVONEX,MIRAPEX"	0.0692771214995295
"610"	"AVONEX,YASMIN"	0.0692771214995295
"611"	"AZMACORT,SPIRIVA"	0.0692771214995295
"612"	"BACLOFEN,RENO-60"	0.0692771214995295
"613"	"BACTRIM,SULFAMETHOXAZOLE AND TRIMETHOPRIM DOUBLE STRENGTH"	0.0692771214995295
"614"	"BECLOMETHASONE DIPROPIONATE,FORMOTEROL FUMARATE"	0.0692771214995295
"615"	"BENADRYL,FORTEO"	0.0692771214995295
"616"	"BENADRYL,GEODON"	0.0692771214995295
"617"	"BENADRYL,ZYVOX"	0.0692771214995295
"618"	"BENICAR,TENORMIN"	0.0692771214995295
"619"	"BETAMETHASONE,NASALIDE"	0.0692771214995295
"620"	"BETASERON,RISPERDAL"	0.0692771214995295
"621"	"BETASERON,TRILEPTAL"	0.0692771214995295
"622"	"BEXTRA,RELPAX"	0.0692771214995295
"623"	"BONIVA,VENOFER"	0.0692771214995295
"624"	"BONIVA,VERAPAMIL"	0.0692771214995295
"625"	"BONIVA,XANAX"	0.0692771214995295
"626"	"BOTOX,DURAGESIC"	0.0692771214995295
"627"	"BUPROPION HCL,CEPHALEXIN"	0.0692771214995295
"628"	"BUPROPION HCL,NICOTINE POLACRILEX"	0.0692771214995295
"629"	"BUSPIRONE HCL,PAXIL CR"	0.0692771214995295
"630"	"CARDIZEM,LOPRESSOR"	0.0692771214995295
"631"	"CARDIZEM,SYMBICORT"	0.0692771214995295
"632"	"CARDIZEM,TRIAMTERENE AND HYDROCHLOROTHIAZIDE"	0.0692771214995295
"633"	"CATAPRES-TTS-1,CONCERTA"	0.0692771214995295
"634"	"CEFUROXIME,CEPHALEXIN"	0.0692771214995295
"635"	"CELEBREX,LOTRONEX"	0.0692771214995295
"636"	"CELEXA,VYTORIN"	0.0692771214995295
"637"	"CELLCEPT,FORTEO"	0.0692771214995295
"638"	"CHANTIX,POTASSIUM ACETATE"	0.0692771214995295
"639"	"CHANTIX,POTASSIUM CHLORIDE"	0.0692771214995295
"640"	"CHOLESTYRAMINE,ZETIA"	0.0692771214995295
"641"	"CHOLETEC,TOPROL-XL"	0.0692771214995295
"642"	"CIALIS,ZYRTEC"	0.0692771214995295
"643"	"CIMETIDINE HCL,LEUKINE"	0.0692771214995295
"644"	"CIPRO,CIPRO XR"	0.0692771214995295
"645"	"CIPRO,QUINIDINE HCL"	0.0692771214995295
"646"	"CITALOPRAM HYDROBROMIDE,MODAFINIL"	0.0692771214995295
"647"	"CITALOPRAM HYDROBROMIDE,PROCHLORPERAZINE"	0.0692771214995295
"648"	"CLARITIN,LAMICTAL"	0.0692771214995295
"649"	"CLIMARA,FORTEO"	0.0692771214995295
"650"	"CLINDAMYCIN HCL,REBIF"	0.0692771214995295
"651"	"CLOMID,IMITREX"	0.0692771214995295
"652"	"CLONAZEPAM,LEVOTHYROXINE SODIUM"	0.0692771214995295
"653"	"CLONIDINE,SERZONE"	0.0692771214995295
"654"	"CODEINE SUL TAB,GLEEVEC"	0.0692771214995295
"655"	"COGENTIN,RANEXA"	0.0692771214995295
"656"	"COMBIVENT,COUMADIN"	0.0692771214995295
"657"	"COPEGUS,INFERGEN"	0.0692771214995295
"658"	"COUMADIN,MOTRIN"	0.0692771214995295
"659"	"COZAAR,REMICADE"	0.0692771214995295
"660"	"CYCLOSPORINE,SERTRALINE"	0.0692771214995295
"661"	"CYMBALTA,CYTOMEL"	0.0692771214995295
"662"	"CYMBALTA,NAPROXEN SODIUM"	0.0692771214995295
"663"	"DEFINITY,VANCOMYCIN"	0.0692771214995295
"664"	"DEFINITY,VANCOMYCIN HYDROCHLORIDE"	0.0692771214995295
"665"	"DEMULEN 1/35-21,VIOXX"	0.0692771214995295
"666"	"DEPO-PROVERA,SKELAXIN"	0.0692771214995295
"667"	"DEPO-PROVERA,TOLTERODINE TARTRATE"	0.0692771214995295
"668"	"DEPO-PROVERA,WELLBUTRIN SR"	0.0692771214995295
"669"	"DETROL LA,DILAUDID"	0.0692771214995295
"670"	"DEXTROMETHORPHAN HYDROBROMIDE,LORAZEPAM"	0.0692771214995295
"671"	"DIAZEPAM TAB,STELAZINE"	0.0692771214995295
"672"	"DIAZEPAM,STELAZINE"	0.0692771214995295
"673"	"DIAZEPAM,TRIFLUOPERAZINE HYDROCHLORIDE"	0.0692771214995295
"674"	"DIAZEPAM,ZEMPLAR"	0.0692771214995295
"675"	"DICYCLOMINE,LEVAQUIN"	0.0692771214995295
"676"	"DIOVAN HCT,ZYVOX"	0.0692771214995295
"677"	"DIOVAN,MODURETIC 5-50"	0.0692771214995295
"678"	"DIOVAN,ZIAC"	0.0692771214995295
"679"	"DITROPAN XL,EXELON"	0.0692771214995295
"680"	"DIVALPROEX EXTENDED-RELEASE,GEODON"	0.0692771214995295
"681"	"DOSTINEX,ESOMEPRAZOLE MAGNESIUM"	0.0692771214995295
"682"	"DOXYCYCLINE HCL,PROAIR HFA"	0.0692771214995295
"683"	"DYAZIDE,LANOXIN"	0.0692771214995295
"684"	"EFFEXOR XR,TRAMADOL HCL"	0.0692771214995295
"685"	"EFFEXOR,FLEXERIL"	0.0692771214995295
"686"	"EFFEXOR,HYDROCORTISONE"	0.0692771214995295
"687"	"ENBREL,RITALIN"	0.0692771214995295
"688"	"ENOXAPARIN SODIUM,PARLODEL"	0.0692771214995295
"689"	"EPIRUBICIN,ZOMETA"	0.0692771214995295
"690"	"EPZICOM,FORTEO"	0.0692771214995295
"691"	"ESTRADERM,TOLTERODINE TARTRATE"	0.0692771214995295
"692"	"ESTRATEST,SANDOSTATIN LAR"	0.0692771214995295
"693"	"ESTROGENS SOL/INJ,VESICARE"	0.0692771214995295
"694"	"ETHINYL ESTRADIOL AND LEVONORGESTREL,LARIAM"	0.0692771214995295
"695"	"FAMVIR,LOESTRIN 1.5/30"	0.0692771214995295
"696"	"FENTANYL TRANSDERMAL SYSTEM,ROXICODONE"	0.0692771214995295
"697"	"FENTANYL,PROPOXYPHENE NAPSYLATE W/ ACETAMINOPHEN"	0.0692771214995295
"698"	"FLEXERIL,PERCOCET"	0.0692771214995295
"699"	"FLUOXETINE HCL,SERZONE"	0.0692771214995295
"700"	"FLUOXETINE HYDROCHLORIDE,LEVOTHYROXINE SODIUM"	0.0692771214995295
"701"	"FORTEO,GABAPENTIN"	0.0692771214995295
"702"	"FORTEO,NANDROLONE DECANOATE"	0.0692771214995295
"703"	"FORTEO,PROBENECID"	0.0692771214995295
"704"	"FORTEO,ZOMETA"	0.0692771214995295
"705"	"FOSAMAX,VALIUM"	0.0692771214995295
"706"	"FUROSEMIDE,HYDRODIURIL"	0.0692771214995295
"707"	"GABAPENTIN,MIRAPEX"	0.0692771214995295
"708"	"GAMMAGARD LIQUID,IMMUNE GLOBULIN INTRAVENOUS (HUMAN)"	0.0692771214995295
"709"	"GENTAMICIN,METRONIDAZOLE"	0.0692771214995295
"710"	"GLIMEPIRIDE,RAPTIVA"	0.0692771214995295
"711"	"GLUCOPHAGE XR,JANUVIA"	0.0692771214995295
"712"	"GLUCOTROL,NEURONTIN"	0.0692771214995295
"713"	"GLUCOVANCE,SEROQUEL"	0.0692771214995295
"714"	"GLYBURIDE,SYMBICORT"	0.0692771214995295
"715"	"HEPARIN SODIUM,MORPHINE"	0.0692771214995295
"716"	"HUMULIN 70/30,SYNTHROID"	0.0692771214995295
"717"	"HYDRALAZINE HCL,PROMETHAZINE"	0.0692771214995295
"718"	"HYDRODIURIL,VYTORIN"	0.0692771214995295
"719"	"IBUPROFEN,RETIN-A MICRO"	0.0692771214995295
"720"	"IMIPRAMINE HYDROCHLORIDE,KLONOPIN"	0.0692771214995295
"721"	"IMODIUM A-D,VYTORIN"	0.0692771214995295
"722"	"INDERAL LA,WELLBUTRIN XL"	0.0692771214995295
"723"	"IPRATROPIUM BROMIDE,PULMICORT RESPULES"	0.0692771214995295
"724"	"IRINOTECAN HCL,ZOFRAN"	0.0692771214995295
"725"	"KLONOPIN,LORAZEPAM"	0.0692771214995295
"726"	"LACTATED RINGER'S,PROMETHAZINE HCL"	0.0692771214995295
"727"	"LAMICTAL,NARDIL"	0.0692771214995295
"728"	"LEVAQUIN,POTASSIUM CHLORIDE"	0.0692771214995295
"729"	"LEVOFLOXACIN,PHENTERMINE"	0.0692771214995295
"730"	"LEVOTHYROXINE SODIUM,NEURONTIN"	0.0692771214995295
"731"	"LEVOTHYROXINE SODIUM,PROPRANOLOL"	0.0692771214995295
"732"	"LEVOTHYROXINE SODIUM,PROSTIN E2"	0.0692771214995295
"733"	"LISINOPRIL,PAROXETINE HCL"	0.0692771214995295
"734"	"LOESTRIN FE 1.5/30,YAZ"	0.0692771214995295
"735"	"LORATADINE,SINGULAIR"	0.0692771214995295
"736"	"LORTAB,SEROQUEL"	0.0692771214995295
"737"	"LORTAB,VALIUM"	0.0692771214995295
"738"	"LOTENSIN,STRATTERA"	0.0692771214995295
"739"	"LUNESTA,PREMPHASE 14/14"	0.0692771214995295
"740"	"LUNESTA,TIKOSYN"	0.0692771214995295
"741"	"LUPRON DEPOT,MEFENAMIC ACID"	0.0692771214995295
"742"	"LUVOX,TRILEPTAL"	0.0692771214995295
"743"	"LYRICA,TYLENOL W/ CODEINE NO. 3"	0.0692771214995295
"744"	"MACROBID,PRISTIQ"	0.0692771214995295
"745"	"MACROLIN,TRIZIVIR"	0.0692771214995295
"746"	"MAXIPIME,PROGRAF"	0.0692771214995295
"747"	"MEBENDAZOLE,METRONIDAZOLE HCL"	0.0692771214995295
"748"	"MEFENAMIC ACID,SIMCOR"	0.0692771214995295
"749"	"MEFLOQUINE HCL,MOTRIN"	0.0692771214995295
"750"	"METHADONE HCL,OXYCODONE AND ACETAMINOPHEN"	0.0692771214995295
"751"	"METHADONE HCL,SULFAMETHOXAZOLE AND TRIMETHOPRIM"	0.0692771214995295
"752"	"METHOCARBAMOL,NEURONTIN"	0.0692771214995295
"753"	"METHOTREXATE SODIUM,QUININE SULFATE"	0.0692771214995295
"754"	"METOCLOPRAMIDE,VYTORIN"	0.0692771214995295
"755"	"METOPROLOL SUCCINATE,ZELNORM"	0.0692771214995295
"756"	"MICROGESTIN 1/20,NAPROXEN"	0.0692771214995295
"757"	"MINOCYCLINE HCL,SERTRALINE"	0.0692771214995295
"758"	"MIRENA,TRAZODONE HCL"	0.0692771214995295
"759"	"MONOPRIL,ZETIA"	0.0692771214995295
"760"	"MORPHINE SULFATE,PHENERGAN HCL"	0.0692771214995295
"761"	"MORPHINE SULFATE,PROZAC"	0.0692771214995295
"762"	"MORPHINE,VESICARE"	0.0692771214995295
"763"	"MORPHINE,VOLTAREN"	0.0692771214995295
"764"	"MULTI-VITAMINS,PREMARIN"	0.0692771214995295
"765"	"MYCOPHENOLATE MOFETIL,SANDIMMUNE"	0.0692771214995295
"766"	"NEULASTA,VINORELBINE"	0.0692771214995295
"767"	"NEXIUM,PREDNISONE TAB"	0.0692771214995295
"768"	"NOLVADEX,TEGRETOL"	0.0692771214995295
"769"	"NOLVADEX,VALIUM"	0.0692771214995295
"770"	"NUVARING,PAXIL CR"	0.0692771214995295
"771"	"OXYCONTIN,PREMARIN"	0.0692771214995295
"772"	"PAROXETINE,PROCHLORPERAZINE"	0.0692771214995295
"773"	"PEPCID,PROZAC"	0.0692771214995295
"774"	"PREVACID,REQUIP"	0.0692771214995295
"775"	"PRILOSEC,ZELNORM"	0.0692771214995295
"776"	"PRINZIDE,ZESTORETIC"	0.0692771214995295
"777"	"PROAIR HFA,REGLAN"	0.0692771214995295
"778"	"PROCAINAMIDE,TIKOSYN"	0.0692771214995295
"779"	"PROTONIX,VALIUM"	0.0692771214995295
"780"	"PROVERA,VIBAZINE"	0.0692771214995295
"781"	"PYRIDOSTIGMINE BROMIDE,TRAZODONE HCL"	0.0692771214995295
"782"	"QUASENSE,SEASONALE"	0.0692771214995295
"783"	"REQUIP,SINGULAIR"	0.0692771214995295
"784"	"RISPERDAL,VISTARIL"	0.0692771214995295
"785"	"ROLAIDS,ZOFRAN"	0.0692771214995295
"786"	"TAMOXIFEN CITRATE,ZETIA"	0.0692771214995295
"787"	"TRAMADOL HYDROCHLORIDE,VENLAFAXINE HCL"	0.0692771214995295
"788"	"VERAPAMIL,XALATAN"	0.0692771214995295
"789"	"VIOXX,VYTORIN"	0.0692771214995295
"790"	"ABILIFY,PAROXETINE HCL"	0.0628479092987944
"791"	"ASMANEX TWISTHALER,FORADIL"	0.0628479092987944
"792"	"DILANTIN,LISINOPRIL"	0.0617185835865878
"793"	"AARANE,ORTHO EVRA"	0.0598462097445538
"794"	"ABILIFY,VISTARIL"	0.0598462097445538
"795"	"ACETAMINOPHEN AND OXYCODONE HCL,OXYCONTIN"	0.0598462097445538
"796"	"ACETAMINOPHEN,KETOPROFEN"	0.0598462097445538
"797"	"ALLEGRA,PULMICORT"	0.0598462097445538
"798"	"AMNESTEEM,ZYRTEC"	0.0598462097445538
"799"	"ASPIRIN,OXYCODONE HCL"	0.0598462097445538
"800"	"ATENOLOL,LAMICTAL"	0.0598462097445538
"801"	"BACLOFEN,CIALIS"	0.0598462097445538
"802"	"CARBAMAZEPINE,CHLORPROMAZINE"	0.0598462097445538
"803"	"CARDIZEM,ZETIA"	0.0598462097445538
"804"	"CARISOPRODOL,DILTIAZEM HYDROCHLORIDE"	0.0598462097445538
"805"	"CIPROFLOXACIN,VFEND"	0.0598462097445538
"806"	"CITALOPRAM HYDROBROMIDE,INVEGA"	0.0598462097445538
"807"	"CUBICIN,HEPARIN"	0.0598462097445538
"808"	"CUBICIN,VICODIN"	0.0598462097445538
"809"	"DICLOFENAC SODIUM,KETOROLAC TROMETHAMINE"	0.0598462097445538
"810"	"DILTIAZEM,IBUPROFEN"	0.0598462097445538
"811"	"DILTIAZEM,NIFEDIPINE"	0.0598462097445538
"812"	"FLUPHENAZINE,LORAZEPAM"	0.0598462097445538
"813"	"HALDOL SOLUTAB,ZYPREXA"	0.0598462097445538
"814"	"HALDOL,LAMICTAL"	0.0598462097445538
"815"	"IMITREX,VYTORIN"	0.0598462097445538
"816"	"LIORESAL,VERSED"	0.0598462097445538
"817"	"LOVENOX,TARCEVA"	0.0598462097445538
"818"	"LYRICA,VYTORIN"	0.0598462097445538
"819"	"MORPHINE SULFATE,VICODIN ES"	0.0598462097445538
"820"	"MORPHINE,WELLBUTRIN"	0.0598462097445538
"821"	"NORVASC,TICLOPIDINE HCL"	0.0598462097445538
"822"	"OLANZAPINE,TRAZODONE HCL"	0.0598462097445538
"823"	"OXAZEPAM,VENLAFAXINE HCL"	0.0598462097445538
"824"	"PERCOCET,PRIALT"	0.0598462097445538
"825"	"RETROVIR,REYATAZ"	0.0598462097445538
"826"	"RISPERIDONE,TOPIRAMATE"	0.0598462097445538
"827"	"SOMAVERT,TESTOSTERONE"	0.0598462097445538
"828"	"PAXIL,RISPERDAL"	0.0572156700629592
"829"	"CLONIDINE,STRATTERA"	0.0535676286495589
"830"	"SOLU-MEDROL,THYMOGLOBULIN"	0.0507164555569321
"831"	"METFORMIN HCL,PIOGLITAZONE HCL"	0.0490689876589676
"832"	"AVELOX,MULTI-VITAMINS"	0.0486747399249437
"833"	"AVELOX,NASONEX"	0.0486747399249437
"834"	"AVONEX,AZATHIOPRINE"	0.0486747399249437
"835"	"AVONEX,ZANAFLEX"	0.0486747399249437
"836"	"BYETTA,WARFARIN SODIUM"	0.0486747399249437
"837"	"CLOZARIL,LORAZEPAM"	0.0486747399249437
"838"	"COMBIVIR,LEXIVA"	0.0486747399249437
"839"	"DECADRON SRC,REVLIMID"	0.0486747399249437
"840"	"DEPOCYT,DEXAMETHASONE"	0.0486747399249437
"841"	"FORTEO,NEURONTIN"	0.0486747399249437
"842"	"FUROSEMIDE,HYDROCHLOROTHIAZIDE"	0.0486747399249437
"843"	"IMITREX,TYLENOL"	0.0486747399249437
"844"	"KLONOPIN,WELLBUTRIN SR"	0.0486747399249437
"845"	"LEVOTHYROXINE SODIUM,PAROXETINE HCL"	0.0486747399249437
"846"	"PREDNISONE TAB,REBIF"	0.0486747399249437
"847"	"REBIF,VYTORIN"	0.0486747399249437
"848"	"LITHIUM CARBONATE,RISPERIDONE"	0.046476690651798
"849"	"ACCUTANE,ASACOL"	0.0464532023466172
"850"	"DILAUDID,LIORESAL"	0.0460894521949886
"851"	"ASPIRIN,EXFORGE"	0.0456557366541684
"852"	"HUMALOG MIX 75/25,HUMULIN N"	0.0454739379979582
"853"	"ARICEPT,ROSIGLITAZONE"	0.0437718250060322
"854"	"CYCLOSPORINE,ZETIA"	0.0436070571440124
"855"	"HALOPERIDOL DECANOATE,ZYPREXA"	0.0436070571440124
"856"	"MIRTAZAPINE,VENLAFAXINE HYDROCHLORIDE"	0.0436070571440124
"857"	"TRILEPTAL,ZYPREXA"	0.0436070571440124
"858"	"CLONIDINE,RISPERDAL"	0.041702249115016
"859"	"FORTEO,NITROGLYCERIN"	0.0416145292448043
"860"	"KETEK,LAMISIL"	0.0416145292448043
"861"	"AVONEX,ZOLOFT"	0.0414589342329434
"862"	"LAMOTRIGINE,ZOLOFT"	0.0409282741961187
"863"	"PAROXETINE HCL,PRAMIPEXOLE DIHYDROCHLORIDE"	0.0409282741961187
"864"	"ROCEPHIN,ZITHROMAX"	0.0409282741961187
"865"	"ARISTOCORT,ELIDEL"	0.040580395730369
"866"	"ASPIRIN,BENICAR"	0.040580395730369
"867"	"CELEBREX,INSULIN"	0.040580395730369
"868"	"CLONOPIN,SEROQUEL"	0.040580395730369
"869"	"COGENTIN,ZYPREXA"	0.040580395730369
"870"	"FLAGYL,REMICADE"	0.040580395730369
"871"	"HUMIRA,OLMESARTAN MEDOXOMIL"	0.040580395730369
"872"	"SEROQUEL,TENEX"	0.040580395730369
"873"	"TENORMIN,ZYPREXA"	0.040580395730369
"874"	"CHANTIX,NAPROXEN"	0.040172483871945
"875"	"PAROXETINE HCL,RISPERDAL"	0.039974828989642
"876"	"ARICEPT,ZOLOFT"	0.038564952322122
"877"	"ALBUTEROL,FORTEO"	0.0366317431132105
"878"	"AMITIZA,ZELNORM"	0.0366317431132105
"879"	"AVELOX,JANUVIA"	0.0366317431132105
"880"	"AVELOX,ORTHO TRI-CYCLEN"	0.0366317431132105
"881"	"BUPIVACAINE,FENTANYL CITRATE"	0.0366317431132105
"882"	"EFFEXOR,LORAZEPAM"	0.0366317431132105
"883"	"FLEXERIL,ULTRAM"	0.0366317431132105
"884"	"GLIPIZIDE,INSULIN"	0.0366317431132105
"885"	"LEVAQUIN,TEQUIN"	0.0366317431132105
"886"	"LISINOPRIL,LITHIUM CARBONATE"	0.0366317431132105
"887"	"LYRICA,PREDNISONE TAB"	0.0366317431132105
"888"	"PREVACID,WELLBUTRIN XL"	0.0366317431132105
"889"	"RIBAVIRIN,ROFERON-A"	0.0366317431132105
"890"	"ULTRACET,VIOXX"	0.0366317431132105
"891"	"TEGRETOL,VITAMIN A"	0.0352313365224183
"892"	"CLOZARIL,VALPROATE SODIUM"	0.0352302268232622
"893"	"ALPRAZOLAM,RISPERDAL"	0.035011106154765
"894"	"BETASERON,PROZAC"	0.035011106154765
"895"	"CARBOPLATIN,TYKERB"	0.035011106154765
"896"	"CEFUROXIME,CIPROFLOXACIN"	0.035011106154765
"897"	"CELEBREX,FOSAMAX"	0.035011106154765
"898"	"CLINDAMYCIN HCL,LEVAQUIN"	0.035011106154765
"899"	"DAYTRANA,RISPERDAL"	0.035011106154765
"900"	"DIOVAN,FORTEO"	0.035011106154765
"901"	"GAMIMUNE N 10%,GAMMAGARD S/D"	0.035011106154765
"902"	"EFFEXOR,MIRTAZAPINE"	0.0342764756279091
"903"	"FORTEO,OXYCONTIN"	0.0332115723764721
"904"	"LISINOPRIL,SIMCOR"	0.0332115723764721
"905"	"FOSINOPRIL SODIUM,INDAPAMIDE"	0.032600790956069
"906"	"ABILIFY,CITALOPRAM HYDROBROMIDE"	0.0316537737346889
"907"	"ABILIFY,DIAZEPAM"	0.0316537737346889
"908"	"ACETAMINOPHEN AND HYDROCODONE BITARTRATE,MORPHINE SULFATE"	0.0316537737346889
"909"	"ACETAMINOPHEN,DICLOFENAC SODIUM"	0.0316537737346889
"910"	"ACETAZOLAMIDE,TEGRETOL"	0.0316537737346889
"911"	"ALTACE,ZETIA"	0.0316537737346889
"912"	"ATENOLOL,PROCARDIA XL"	0.0316537737346889
"913"	"CELEXA,TYSABRI"	0.0316537737346889
"914"	"CHANTIX,VYTORIN"	0.0316537737346889
"915"	"DEPAKOTE,VENLAFAXINE HCL"	0.0316537737346889
"916"	"DIPHENHYDRAMINE HCL,GEODON"	0.0316537737346889
"917"	"DIPRIVAN,SEVOFLURANE"	0.0316537737346889
"918"	"HALDOL,HALOPERIDOL DECANOATE"	0.0316537737346889
"919"	"NORTRIPTYLINE HCL,OXYCONTIN"	0.0316537737346889
"920"	"PAROXETINE HCL,QUETIAPINE FUMARATE"	0.0316537737346889
"921"	"PAXIL,TRAMADOL HCL"	0.0316537737346889
"922"	"PROLIXIN,ZYPREXA"	0.0316537737346889
"923"	"TOPAMAX,ZYPREXA"	0.0316537737346889
"924"	"TOPIRMATE,VALPROATE SODIUM"	0.0316537737346889
"925"	"ABILIFY,RISPERIDONE"	0.0316468928979084
"926"	"ACETAMINOPHEN,ENBREL"	0.0316468928979084
"927"	"HALOPERIDOL DECANOATE,OLANZAPINE"	0.0316427405845575
"928"	"OLANZAPINE,VALPROIC ACID"	0.0316427405845575
"929"	"PHENOBARBITAL TAB,VALPROIC ACID"	0.0316427405845575
"930"	"SINGULAIR,UNIPHYL"	0.0316427405845575
"931"	"AMNESTEEM,SOTRET"	0.0307019240008503
"932"	"BETASERON,METFORMIN HCL"	0.0304669224911324
"933"	"TRAMADOL HCL,VENLAFAXINE HCL"	0.0304669224911324
"934"	"AMIODARONE HCL,COUMADIN"	0.029841928038587
"935"	"ASPIRIN,COUMADIN"	0.029841928038587
"936"	"ATIVAN,SEROQUEL"	0.029841928038587
"937"	"BUPIVACAINE,FENTANYL"	0.029841928038587
"938"	"CANCIDAS,PRIMAXIN"	0.029841928038587
"939"	"CIPROFLOXACIN HCL,LEVAQUIN"	0.029841928038587
"940"	"CYMBALTA,DIOVAN"	0.029841928038587
"941"	"GLYBURIDE,INSULIN"	0.029841928038587
"942"	"HUMIRA,NABUMETONE"	0.029841928038587
"943"	"PREDNISONE,VELCADE"	0.029841928038587
"944"	"BIPERIDEN HYDROCHLORIDE TAB,RISPERDAL"	0.02948760343764
"945"	"ACCUTANE,CLARAVIS"	0.029062122046331
"946"	"LANSOPRAZOLE,RABEPRAZOLE SODIUM"	0.0286720768984923
"947"	"HALOPERIDOL,RISPERDAL"	0.0284164782517988
"948"	"KEPPRA,VALPROIC ACID"	0.0281340783216028
"949"	"ATACAND,VIOXX"	0.0276336893024542
"950"	"BYETTA,ZETIA"	0.0276336893024542
"951"	"REMERON,ZYPREXA"	0.0276336893024542
"952"	"TEGRETOL,TEMOZOLOMIDE"	0.0276336893024542
"953"	"TIAZAC,VIOXX"	0.0276336893024542
"954"	"VIOXX,ZOLOFT"	0.0276336893024542
"955"	"GEODON,LORAZEPAM"	0.0274104882816686
"956"	"WELLBUTRIN,ZYPREXA"	0.0267811801536948
"957"	"KALETRA,NEVIRAPINE"	0.0263344175343067
"958"	"HALOPERIDOL,ZYPREXA"	0.0256862074532078
"959"	"ATARAX,PENTAZOCINE LACTATE"	0.0255668775933082
"960"	"AVONEX,METHYLPREDNISOLONE"	0.0255668775933082
"961"	"COREG,NORVASC"	0.0255668775933082
"962"	"DIAZEPAM,MIRTAZAPINE"	0.0255668775933082
"963"	"DIGOXIN,LANOXIN"	0.0255668775933082
"964"	"LYRICA,MORPHINE SULFATE"	0.0255668775933082
"965"	"ORENCIA,PREDNISONE TAB"	0.0255668775933082
"966"	"CITALOPRAM HYDROBROMIDE,RISPERDAL"	0.025501515216272
"967"	"LAMICTAL,LEVETIRACETAM"	0.025501515216272
"968"	"CHANTIX,PREMARIN"	0.0253920913471433
"969"	"PAXIL,ZYPREXA"	0.0251191531125408
"970"	"CLOZARIL,DIAZEPAM"	0.025011664474718
"971"	"DIOVAN,NORVASC"	0.0247881749611523
"972"	"ACETAMINOPHEN,CONCERTA"	0.0247045131631639
"973"	"ACETAMINOPHEN,XENICAL"	0.0247045131631639
"974"	"ACIPHEX,CHANTIX"	0.0247045131631639
"975"	"ADVAIR DISKUS 100/50,NUVARING"	0.0247045131631639
"976"	"ADVAIR HFA,ALLEGRA-D 12 HOUR"	0.0247045131631639
"977"	"ADVIL,REQUIP"	0.0247045131631639
"978"	"ALEVE (CAPLET),BONIVA"	0.0247045131631639
"979"	"ALEVE,TEQUIN"	0.0247045131631639
"980"	"ALLI,CELEXA"	0.0247045131631639
"981"	"ALTACE,DIOVAN"	0.0247045131631639
"982"	"AMITRIPTYLINE HCL,SEROQUEL"	0.0247045131631639
"983"	"AMOXICILLIN,CEFDINIR"	0.0247045131631639
"984"	"AMOXICILLIN,CLINDAMYCIN HCL"	0.0247045131631639
"985"	"ANTACID TAB,FORTEO"	0.0247045131631639
"986"	"ASPIRIN,INSPRA"	0.0247045131631639
"987"	"ATENOLOL,DEFINITY"	0.0247045131631639
"988"	"ATIVAN,NEXIUM"	0.0247045131631639
"989"	"AVONEX,TIZANIDINE HCL"	0.0247045131631639
"990"	"BENADRYL,BUPROPION HYDROCHLORIDE"	0.0247045131631639
"991"	"BETAMETHASONE,ERYC"	0.0247045131631639
"992"	"BETASERON,CELEXA"	0.0247045131631639
"993"	"BUPROPION HCL,CHANTIX"	0.0247045131631639
"994"	"BUPROPION HCL,EFFEXOR"	0.0247045131631639
"995"	"BYETTA,VICODIN"	0.0247045131631639
"996"	"CARBATROL,LYRICA"	0.0247045131631639
"997"	"CLINDAMYCIN HCL,DICLOFENAC SODIUM"	0.0247045131631639
"998"	"CLONAZEPAM,DIAZEPAM"	0.0247045131631639
"999"	"COPAXONE,TRILEPTAL"	0.0247045131631639
"1000"	"COUMADIN,DETROL LA"	0.0247045131631639
"1001"	"COUMADIN,PRILOSEC"	0.0247045131631639
"1002"	"COZAAR,TEKTURNA"	0.0247045131631639
"1003"	"CYCLOSPORINE,METHYLPREDNISOLONE 16MG TAB"	0.0247045131631639
"1004"	"CYMBALTA,HYDROCODONE BITARTRATE"	0.0247045131631639
"1005"	"DETROL LA,FLUOXETINE"	0.0247045131631639
"1006"	"DEXAMETHASONE,NEUPRO"	0.0247045131631639
"1007"	"DIAZEPAM,NARDIL"	0.0247045131631639
"1008"	"DOXYCYCLINE,HUMIRA"	0.0247045131631639
"1009"	"DOXYCYCLINE,PROPECIA"	0.0247045131631639
"1010"	"ENABLEX,UROXATRAL"	0.0247045131631639
"1011"	"ENALAPRIL MALEATE,FORTEO"	0.0247045131631639
"1012"	"FENTANYL TRANSDERMAL SYSTEM,HYDROCODONE BITARTRATE"	0.0247045131631639
"1013"	"FENTANYL,METHAMPHETAMINE HYDROCHLORIDE"	0.0247045131631639
"1014"	"FENTANYL,NITROGLYCERIN"	0.0247045131631639
"1015"	"FLONASE,YAZ"	0.0247045131631639
"1016"	"FORTEO,LEXAPRO"	0.0247045131631639
"1017"	"GLYBURIDE,HUMALOG"	0.0247045131631639
"1018"	"HALFLYTELY,PROTONIX"	0.0247045131631639
"1019"	"HEPARIN,VANCOMYCIN"	0.0247045131631639
"1020"	"HYDROCORTISONE,NAVELBINE"	0.0247045131631639
"1021"	"IBUPROFEN,ZELNORM"	0.0247045131631639
"1022"	"IMITREX,LAMICTAL"	0.0247045131631639
"1023"	"KENALOG-40,NEXIUM"	0.0247045131631639
"1024"	"LAMICTAL,PHENYTOIN SODIUM"	0.0247045131631639
"1025"	"LEVAQUIN,METHYLPREDNISOLONE"	0.0247045131631639
"1026"	"LEVOTHYROXINE SODIUM,THYROGEN"	0.0247045131631639
"1027"	"LIORESAL,REBIF"	0.0247045131631639
"1028"	"LITHIUM CARBONATE,LUNESTA"	0.0247045131631639
"1029"	"MICARDIS,VALTREX"	0.0247045131631639
"1030"	"NORVASC,REQUIP"	0.0247045131631639
"1031"	"ORTHO EVRA,PERCOCET"	0.0247045131631639
"1032"	"PROSCAR,WELLBUTRIN XL"	0.0247045131631639
"1033"	"PULMICORT,RHINOCORT AQUA"	0.0247045131631639
"1034"	"REBIF,VALIUM"	0.0247045131631639
"1035"	"RECLAST,VITAMIN D"	0.0247045131631639
"1036"	"REQUIP,ROPINIROLE"	0.0247045131631639
"1037"	"RISPERDAL,ZYRTEC"	0.0247045131631639
"1038"	"SEROQUEL,VICODIN"	0.0247045131631639
"1039"	"SERTRALINE,VALPROATE SODIUM"	0.0247045131631639
"1040"	"TOPAMAX,VIOXX"	0.0247045131631639
"1041"	"CARBOPLATIN,NAVELBINE"	0.023985324713969
"1042"	"HALOPERIDOL,RISPERIDONE"	0.0239747200769297
"1043"	"LAMICTAL,PAXIL"	0.0235950967790107
"1044"	"VYTORIN,ZETIA"	0.0229841285657624
"1045"	"ACETAMINOPHEN AND HYDROCODONE BITARTRATE,KADIAN"	0.022888553054529
"1046"	"ACETAMINOPHEN,OLANZAPINE"	0.022888553054529
"1047"	"AVELOX,METFORMIN HCL"	0.022888553054529
"1048"	"CLOZARIL,HYOSCINE HBR HYT"	0.022888553054529
"1049"	"CLOZARIL,QUETIAPINE FUMARATE"	0.022888553054529
"1050"	"DEPAKENE,OLANZAPINE"	0.022888553054529
"1051"	"DIPRIVAN,FLUOTHANE"	0.022888553054529
"1052"	"EPZICOM,LEXIVA"	0.022888553054529
"1053"	"EVISTA,VITAMIN D"	0.022888553054529
"1054"	"FOSAMAX,MODURETIC 5-50"	0.022888553054529
"1055"	"LIORESAL,VALIUM"	0.022888553054529
"1056"	"MESALAMINE,SULFASALAZINE"	0.022888553054529
"1057"	"METHYLPHENIDATE HCL,WELLBUTRIN"	0.022888553054529
"1058"	"PAROXETINE HCL,TRAMADOL HCL"	0.022888553054529
"1059"	"PEGASYS,TYZEKA"	0.022888553054529
"1060"	"PREDNISONE TAB,WARFARIN SODIUM"	0.022888553054529
"1061"	"PROPRANOLOL,PROPYLTHIOURACIL"	0.022888553054529
"1062"	"ARANESP,GEMZAR"	0.0226599093829478
"1063"	"AVELOX,IBUPROFEN"	0.0226599093829478
"1064"	"CELEXA,ZOLOFT"	0.0226599093829478
"1065"	"CITALOPRAM HYDROBROMIDE,EFFEXOR"	0.0226599093829478
"1066"	"LYRICA,METHADONE HCL"	0.0226599093829478
"1067"	"AVELOX,PREDNISONE"	0.0224488428143659
"1068"	"SERTRALINE,ZYPREXA"	0.0221382705799171
"1069"	"REBIF,WELLBUTRIN"	0.0220678481190448
"1070"	"ACCUTANE,TETRACYCLINE"	0.0218964718968649
"1071"	"ACTOS,AVANDAMET"	0.0218964718968649
"1072"	"ASPIRIN,LYRICA"	0.0218964718968649
"1073"	"ATENOLOL,ZYPREXA"	0.0218964718968649
"1074"	"CELEBREX,TOPROL-XL"	0.0218964718968649
"1075"	"COMBIVIR,CRIXIVAN"	0.0218964718968649
"1076"	"TRANXENE,ZYPREXA"	0.0218964718968649
"1077"	"ABILIFY,FLUOXETINE"	0.0218421912174399
"1078"	"TRIZIVIR,VIREAD"	0.0218421912174399
"1079"	"CELEXA,LEXAPRO"	0.0216761277143713
"1080"	"CHLORPROMAZINE,PAROXETINE HCL"	0.0212303492297761
"1081"	"AVONEX,XANAX"	0.0212079732827607
"1082"	"PHENOBARBITAL TAB,PHENYTOIN"	0.0210952815579789
"1083"	"TAXOTERE,VELCADE"	0.0210843027012584
"1084"	"CAMPTOSAR,ERBITUX"	0.0205691547634714
"1085"	"DEPO-MEDROL,LIDOCAINE"	0.0205691547634714
"1086"	"DOXIL,TAXOTERE"	0.0205691547634714
"1087"	"FORTEO,PREMARIN"	0.0205691547634714
"1088"	"HUMIRA,LISINOPRIL"	0.0205691547634714
"1089"	"HUMULIN 70/30,LANTUS"	0.0205691547634714
"1090"	"JANUVIA,VYTORIN"	0.0205691547634714
"1091"	"OMEPRAZOLE,SUTENT"	0.0205691547634714
"1092"	"NEXAVAR,SUTENT"	0.0205316507531242
"1093"	"COZAAR,NORVASC"	0.0205286339113901
"1094"	"HALOPERIDOL,OLANZAPINE"	0.0205286339113901
"1095"	"SEROQUEL,VALPROIC ACID"	0.020343645748396
"1096"	"ACCUTANE,SOTRET"	0.0203005722969965
"1097"	"DIVALPROEX SODIUM,ZYPREXA"	0.0203005722969965
"1098"	"HYTRIN,VIOXX"	0.0201133726767093
"1099"	"QUETIAPINE FUMARATE,ZYPREXA"	0.0201133726767093
"1100"	"AUGMENTIN '125',ZOMETA"	0.0200094928964151
"1101"	"CYTOTEC,MIFEPREX"	0.0200094928964151
"1102"	"METFORMIN HCL,REBIF"	0.0200094928964151
"1103"	"COMTAN,SINEMET"	0.0197333558036029
"1104"	"CLOZAPINE,RISPERDAL CONSTA"	0.0194397139867033
"1105"	"CLOZAPINE,RISPERIDONE"	0.0194397139867033
"1106"	"DACTINOMYCIN,VINCRISTINE"	0.0194397139867033
"1107"	"FLUOXETINE,SEROQUEL"	0.0194397139867033
"1108"	"REMERON,SEROQUEL"	0.0194397139867033
"1109"	"AMITRIPTYLINE HCL,LYRICA"	0.0190000283674513
"1110"	"AMLODIPINE,ATENOLOL"	0.0190000283674513
"1111"	"ASPIRIN,REBIF"	0.0190000283674513
"1112"	"AVONEX,IBUPROFEN"	0.0190000283674513
"1113"	"CLOZAPINE,LORAZEPAM"	0.0190000283674513
"1114"	"GLUCOPHAGE,GLUCOTROL"	0.0190000283674513
"1115"	"METHOTREXATE,PREDNISONE TAB"	0.0190000283674513
"1116"	"PENTASA,PREDNISOLONE"	0.0190000283674513
"1117"	"ACCUTANE,ACETAMINOPHEN"	0.0189795454990438
"1118"	"EVISTA,PREMARIN"	0.0189795454990438
"1119"	"SYNTHROID,ZETIA"	0.0189431946918609
"1120"	"CLONAZEPAM,GABAPENTIN"	0.0188187501236191
"1121"	"FLUCONAZOLE,FUNGIZONE"	0.0188187501236191
"1122"	"GLUCOPHAGE,VYTORIN"	0.0188187501236191
"1123"	"HYDROMORPHONE HCL,PRIALT"	0.0188187501236191
"1124"	"METFORMIN HCL,ZYPREXA"	0.0188187501236191
"1125"	"PRINIVIL,VYTORIN"	0.0188187501236191
"1126"	"ALPRAZOLAM,ZYPREXA"	0.0187368141784021
"1127"	"AMNESTEEM,YASMIN"	0.0187368141784021
"1128"	"CHANTIX,INSULIN"	0.0187368141784021
"1129"	"CASODEX,LUPRON"	0.0186402540799492
"1130"	"DIOVAN,LASIX"	0.0179176587856709
"1131"	"KENALOG,ZYRTEC"	0.0177825831013266
"1132"	"METHYLPREDNISOLONE,PREDNISONE"	0.0177825831013266
"1133"	"AMITRIPTYLINE HCL,MORPHINE SULFATE"	0.0177519874093535
"1134"	"COUMADIN,IRESSA"	0.0177519874093535
"1135"	"CYCLOPHOSPHAMIDE,TAXOTERE"	0.0177519874093535
"1136"	"BACLOFEN,TYSABRI"	0.0176464934566137
"1137"	"ABILIFY,SYNTHROID"	0.0173773451178607
"1138"	"ALENDRONATE SODIUM,EVISTA"	0.0173773451178607
"1139"	"ALEVE (CAPLET),NEXIUM"	0.0173773451178607
"1140"	"ALEVE,STRATTERA"	0.0173773451178607
"1141"	"ALLI,LYRICA"	0.0173773451178607
"1142"	"AMLODIPINE,MEFENAMIC ACID"	0.0173773451178607
"1143"	"AMLODIPINE,SIMCOR"	0.0173773451178607
"1144"	"AREDIA,FORTEO"	0.0173773451178607
"1145"	"ARIMIDEX,FORTEO"	0.0173773451178607
"1146"	"ASPIRIN,AVALIDE"	0.0173773451178607
"1147"	"ASPIRIN,YASMIN"	0.0173773451178607
"1148"	"AUGMENTIN,IBUPROFEN"	0.0173773451178607
"1149"	"AVONEX,MECLIZINE"	0.0173773451178607
"1150"	"BACLOFEN,DANTROLENE SODIUM"	0.0173773451178607
"1151"	"BENICAR,CHANTIX"	0.0173773451178607
"1152"	"BOTOX,MYOBLOC"	0.0173773451178607
"1153"	"BUMETANIDE,FUROSEMIDE"	0.0173773451178607
"1154"	"CIPRO,PERCOCET"	0.0173773451178607
"1155"	"CODEINE SUL TAB,SERTRALINE"	0.0173773451178607
"1156"	"CONCERTA,SERTRALINE"	0.0173773451178607
"1157"	"COREG,HYDROCHLOROTHIAZIDE"	0.0173773451178607
"1158"	"DEFINITY,PROTONIX"	0.0173773451178607
"1159"	"DEPO-PROVERA,PREMARIN"	0.0173773451178607
"1160"	"DIAZEPAM,ESCITALOPRAM OXALATE"	0.0173773451178607
"1161"	"DIAZEPAM,VALIUM"	0.0173773451178607
"1162"	"DIOVAN,REQUIP"	0.0173773451178607
"1163"	"DURAGESIC-100,LORTAB"	0.0173773451178607
"1164"	"EFFEXOR,ZYVOX"	0.0173773451178607
"1165"	"FENTANYL,PROCRIT"	0.0173773451178607
"1166"	"FLOMAX,HYTRIN"	0.0173773451178607
"1167"	"HUMIRA,IBUROFEN"	0.0173773451178607
"1168"	"HYDROCHLOROTHIAZIDE,TOPROL-XL"	0.0173773451178607
"1169"	"LEVONORGESTREL,MIRENA"	0.0173773451178607
"1170"	"LEVOXYL,ZETIA"	0.0173773451178607
"1171"	"LISINOPRIL,ZESTRIL"	0.0173773451178607
"1172"	"LYRICA,TRILEPTAL"	0.0173773451178607
"1173"	"METFORMIN HCL,NAPROXEN"	0.0173773451178607
"1174"	"NIFEDIPINE,PROCARDIA"	0.0173773451178607
"1175"	"PERCOCET,VIAGRA"	0.0173773451178607
"1176"	"PREDNISONE,SPIRIVA"	0.0173773451178607
"1177"	"PREMARIN,REQUIP"	0.0173773451178607
"1178"	"REBIF,TIZANIDINE HCL"	0.0173773451178607
"1179"	"PAXIL,VIOXX"	0.0170851857058427
"1180"	"ARIMIDEX,SYNTHROID"	0.0169170458367266
"1181"	"BEXTRA,FORTEO"	0.0168125371525237
"1182"	"CYCLOSPORINE,ENBREL"	0.0168125371525237
"1183"	"TAMOXIFEN CITRATE,ZOLADEX"	0.0168125371525237
"1184"	"ACCUTANE,ALLI"	0.0167581822292514
"1185"	"ADVAIR HFA,PROVENTIL"	0.0167581822292514
"1186"	"CARBAMAZEPINE,OLANZAPINE"	0.0167581822292514
"1187"	"ACETAMINOPHEN,LYRICA"	0.0165091221970147
"1188"	"ALPRAZOLAM,PAROXETINE HCL"	0.0165091221970147
"1189"	"AMEVIVE,CYCLOSPORINE"	0.0165091221970147
"1190"	"CITALOPRAM HYDROBROMIDE,CLONAZEPAM"	0.0165091221970147
"1191"	"CLOZAPINE,VENLAFAXINE HCL"	0.0165091221970147
"1192"	"GALANTAMINE HYDROBROMIDE,MEMANTINE HCL"	0.0165091221970147
"1193"	"ISENTRESS,PREZISTA"	0.0165091221970147
"1194"	"NAVELBINE,TAXOTERE"	0.0165091221970147
"1195"	"NEXIUM,ZANTAC"	0.0165091221970147
"1196"	"TRILEPTAL,ZOLOFT"	0.0165091221970147
"1197"	"ACETAMINOPHEN,OXYCONTIN"	0.0165061673160556
"1198"	"DILANTIN,NEXIUM"	0.0165061673160556
"1199"	"ATIVAN,EFFEXOR XR"	0.0164582197601486
"1200"	"FORTEO,PREDNISONE"	0.016451508727388
"1201"	"AVANDIA,GLUCOTROL"	0.0163982767996926
"1202"	"CIPROFLOXACIN,LEVAQUIN"	0.0163101628875906
"1203"	"AVANDIA,GLIPIZIDE"	0.0162538795763117
"1204"	"ACETAMINOPHEN,ALPRAZOLAM"	0.0160226025910823
"1205"	"ARICEPT,MEMANTINE HCL"	0.0160226025910823
"1206"	"LAMICTAL,TOPAMAX"	0.0158547133014929
"1207"	"AROMASIN,FEMARA"	0.0157085700651759
"1208"	"AVONEX,CELEXA"	0.0157085700651759
"1209"	"EFFEXOR XR,MIRTAZAPINE"	0.0157085700651759
"1210"	"NAPROSYN,VIOXX"	0.0157085700651759
"1211"	"RISPERIDONE,SERTRALINE"	0.0157085700651759
"1212"	"GLEEVEC,SPRYCEL"	0.0156970055151087
"1213"	"MIRTAZAPINE,RISPERIDONE"	0.0155511312162781
"1214"	"MORPHINE SULFATE,OXYCODONE HCL"	0.0155511312162781
"1215"	"AVASTIN,GEMZAR"	0.0155001418156492
"1216"	"ARIPIPRAZOLE,ZYPREXA"	0.0154104411894589
"1217"	"PAROXETINE HCL,ZYPREXA"	0.0154104411894589
"1218"	"PERCOCET,VIVITROL"	0.0154104411894589
"1219"	"TRIZIVIR,VIRAMUNE"	0.0154104411894589
"1220"	"HUMATROPE,SYNTHROID"	0.0153676078288922
"1221"	"METHOTREXATE,PREDNISONE"	0.0153676078288922
"1222"	"CLOZARIL,DEPAKOTE"	0.0152328399049714
"1223"	"CLOZARIL,RISPERIDONE"	0.0152328399049714
"1224"	"ABILIFY,LITHIUM CARBONATE"	0.0150323159467485
"1225"	"AKINETON,RISPERDAL"	0.0150323159467485
"1226"	"CLOZARIL,HALDOL"	0.0150323159467485
"1227"	"COMBIVIR,EFAVIRENZ"	0.0150323159467485
"1228"	"EFAVIRENZ,KALETRA"	0.0150323159467485
"1229"	"SEROQUEL,VENLAFAXINE HCL"	0.0150323159467485
"1230"	"PEGASYS,RIBASPHERE"	0.014816153628522
"1231"	"EFFEXOR,LUNESTA"	0.0147969746525567
"1232"	"FLUOROURACIL,OXALIPLATIN"	0.0147969746525567
"1233"	"LIORESAL,MORPHINE"	0.0147307754953807
"1234"	"DEXAMETHASONE,REVLIMID"	0.0145711998174481
"1235"	"ACETAMINOPHEN W/ CODEINE,HUMIRA"	0.0145614609105238
"1236"	"AKINETON,STALEVO 100"	0.0145614609105238
"1237"	"ALEVE,POLYETHYLENE GLYCOL"	0.0145614609105238
"1238"	"ALEVE-D SINUS + COLD,HYDROCODONE BITARTRATE"	0.0145614609105238
"1239"	"ALLEGRA,LEVETIRACETAM"	0.0145614609105238
"1240"	"ALLI,LEVOTHYROXINE SODIUM"	0.0145614609105238
"1241"	"ARICEPT,EXELON"	0.0145614609105238
"1242"	"ARIMIDEX,AROMASIN"	0.0145614609105238
"1243"	"ATIVAN,KLONOPIN"	0.0145614609105238
"1244"	"AVASTIN,ERBITUX"	0.0145614609105238
"1245"	"AVONEX,BETAFERON"	0.0145614609105238
"1246"	"BYETTA,PREDNISONE TAB"	0.0145614609105238
"1247"	"CAVERJECT,VIAGRA"	0.0145614609105238
"1248"	"CIALIS,INSULIN"	0.0145614609105238
"1249"	"CYMBALTA,FLEXERIL"	0.0145614609105238
"1250"	"DIAZEPAM,NEURONTIN"	0.0145614609105238
"1251"	"DOXAZOSIN MESYLATE,LISINOPRIL"	0.0145614609105238
"1252"	"FINASTERIDE,TAMSULOSIN HCL"	0.0145614609105238
"1253"	"GABAPENTIN,LEVOTHYROXINE SODIUM"	0.0145614609105238
"1254"	"GLEEVEC,ZOMETA"	0.0145614609105238
"1255"	"HYDROCHLOROTHIAZIDE,LEVAQUIN"	0.0145614609105238
"1256"	"INDERAL,PAROXETINE HYDROCHLORIDE"	0.0145614609105238
"1257"	"KEPPRA,PHENYTOIN SODIUM"	0.0145614609105238
"1258"	"LEVOTHYROXINE SODIUM,NORVASC"	0.0145614609105238
"1259"	"LISINOPRIL,PREDNISONE"	0.0145614609105238
"1260"	"LUNESTA,UNISOM"	0.0145614609105238
"1261"	"METOCLOPRAMIDE,PREVACID"	0.0145614609105238
"1262"	"MOTRIN,YAZ"	0.0145614609105238
"1263"	"MULTI-VITAMIN,ORTHO EVRA"	0.0145614609105238
"1264"	"NEXIUM,WELLBUTRIN"	0.0145614609105238
"1265"	"STRATTERA,TOPROL-XL"	0.0145614609105238
"1266"	"CITALOPRAM HYDROBROMIDE,ZYPREXA"	0.0144787152974323
"1267"	"AMEVIVE,SORIATANE"	0.0144364697487204
"1268"	"AMLODIPINE BESYLATE,DIOVAN"	0.0144364697487204
"1269"	"CLARITIN-D,DILANTIN"	0.0144364697487204
"1270"	"KALETRA,VIRAMUNE"	0.0144364697487204
"1271"	"PAROXETINE,ZYPREXA"	0.0144364697487204
"1272"	"CHANTIX,ZOLOFT"	0.0144144647915522
"1273"	"DURAGESIC-100,GLUCOPHAGE"	0.0143866243034298
"1274"	"BACLOFEN,BETASERON"	0.0143457933369315
"1275"	"EPZICOM,REYATAZ"	0.0143457933369315
"1276"	"NARDIL,XANAX"	0.0143457933369315
"1277"	"ABILIFY,CLOZARIL"	0.0142377656688339
"1278"	"PAXIL CR,XANAX"	0.0142139731031427
"1279"	"MODAFINIL,XYREM"	0.0141977347291608
"1280"	"LORAZEPAM,ZYPREXA"	0.0141032096887677
"1281"	"ABILIFY,EFFEXOR XR"	0.0140108542717015
"1282"	"DEPAKOTE ER,LAMICTAL"	0.0140108542717015
"1283"	"INSULIN,LYRICA"	0.0140108542717015
"1284"	"FENTANYL,PRIALT"	0.0139400805599434
"1285"	"AVELOX,PREDNISONE TAB"	0.0139240248848195
"1286"	"PRILOSEC,VIOXX"	0.0138748749626936
"1287"	"ABILIFY,COGENTIN"	0.0137266733524771
"1288"	"ACCUTANE,MINOXIDIL"	0.0137266733524771
"1289"	"FORTEO,TYLENOL"	0.0137266733524771
"1290"	"ALTACE,VIOXX"	0.0137011975505129
"1291"	"DEPO-MEDROL,MARCAINE"	0.0137011975505129
"1292"	"REBIF,SYNTHROID"	0.0137011975505129
"1293"	"HUMALOG,HUMULIN 70/30"	0.0135866650810344
"1294"	"REVATIO,TRACLEER"	0.0135866650810344
"1295"	"KEPPRA,TRILEPTAL"	0.0135806913400645
"1296"	"CYTARABINE,METHOTREXATE"	0.0132761552016927
"1297"	"AKINETON,ZYPREXA"	0.0132639564208367
"1298"	"CEFTRIAXONE,ZITHROMAX"	0.0132639564208367
"1299"	"CYMBALTA,TRAZODONE HCL"	0.0132623888051831
"1300"	"ACTONEL,ZOLOFT"	0.0130929860572544
"1301"	"ADVAIR DISKUS 100/50,XOPENEX"	0.0130929860572544
"1302"	"ALLEGRA-D,ZITHROMAX"	0.0130929860572544
"1303"	"ATIVAN,CHANTIX"	0.0130929860572544
"1304"	"AVANDARYL,JANUVIA"	0.0130929860572544
"1305"	"AVANDIA,AVAPRO"	0.0130929860572544
"1306"	"AVONEX,PREMARIN"	0.0130929860572544
"1307"	"BACLOFEN,LIORESAL"	0.0130929860572544
"1308"	"BENADRYL,SINGULAIR"	0.0130929860572544
"1309"	"BONIVA,OMEPRAZOLE"	0.0130929860572544
"1310"	"BUPROPION HCL,CLONAZEPAM"	0.0130929860572544
"1311"	"COREG CR,LISINOPRIL"	0.0130929860572544
"1312"	"EFFEXOR,PAXIL CR"	0.0130929860572544
"1313"	"FORTEO,TRAMADOL HCL"	0.0130929860572544
"1314"	"IBUPROFEN,LYRICA"	0.0130929860572544
"1315"	"IMURAN,PROGRAF"	0.0130929860572544
"1316"	"MINOCYCLINE HCL,STRATTERA"	0.0130929860572544
"1317"	"NEXIUM,VITAMIN CAP"	0.0130929860572544
"1318"	"PAXIL CR,PREMARIN"	0.0130929860572544
"1319"	"REBIF,XANAX"	0.0130929860572544
"1320"	"RISPERDAL,TRILEPTAL"	0.0130929860572544
"1321"	"SOMA,VIOXX"	0.0130929860572544
"1322"	"STRATTERA,TOPAMAX"	0.0130929860572544
"1323"	"TOPROL-XL,ZETIA"	0.0130929860572544
"1324"	"CELLCEPT,RAPAMUNE"	0.0130795203003981
"1325"	"FORTEO,INSULIN"	0.0130188435526475
"1326"	"ALEVE (CAPLET),REBIF"	0.0130012530484074
"1327"	"FLONASE,ZYRTEC"	0.0130012530484074
"1328"	"FLUDARABINE PHOSPHATE,RITUXAN"	0.0130012530484074
"1329"	"PROVIGIL,REBIF"	0.0130012530484074
"1330"	"METHOTREXATE,PREDNISOLONE"	0.0129417692808034
"1331"	"CIPRO,LEVAQUIN"	0.0129312724149319
"1332"	"CYMBALTA,ZYPREXA"	0.012885061307096
"1333"	"TAXOTERE,ZOMETA"	0.0128753176269845
"1334"	"GABAPENTIN,LYRICA"	0.0127923612764846
"1335"	"SEROQUEL,SERZONE"	0.0127562258725908
"1336"	"BUSPIRONE HCL,ZOLOFT"	0.0126948488305305
"1337"	"LORAZEPAM,MIRTAZAPINE"	0.0126948488305305
"1338"	"NAVELBINE,ZOMETA"	0.0126948488305305
"1339"	"GEODON,LITHIUM CARBONATE"	0.0126669986448355
"1340"	"LEXAPRO,REBIF"	0.0126233734009988
"1341"	"COUMADIN,FORTEO"	0.012615033301635
"1342"	"GABAPENTIN,REBIF"	0.0125960470846708
"1343"	"BETASERON,COPAXONE"	0.0124653334571499
"1344"	"MIRTAZAPINE,VENLAFAXINE HCL"	0.012457118600833
"1345"	"AVODART,UROXATRAL"	0.0123383575672032
"1346"	"ELOXATIN,GEMZAR"	0.0123383575672032
"1347"	"ASPIRIN,DIOVAN"	0.0123276826297359
"1348"	"IBUPROFEN,REBIF"	0.0123161844765397
"1349"	"EFFEXOR,SEROQUEL"	0.0122900890288936
"1350"	"LITHIUM CARBONATE,ZYPREXA"	0.0122900890288936
"1351"	"SEROQUEL,XANAX"	0.0122900890288936
"1352"	"DIAZEPAM,ZYPREXA"	0.012247195596942
"1353"	"EXELON,MEMANTINE HCL"	0.012247195596942
"1354"	"ACCUTANE,YAZ"	0.0121962086826102
"1355"	"AMITRIPTYLINE HCL,PAROXETINE HYDROCHLORIDE"	0.0121962086826102
"1356"	"ARIMIDEX,ATENOLOL"	0.0121962086826102
"1357"	"ASPIRIN,CYMBALTA"	0.0121962086826102
"1358"	"ASPIRIN,MICARDIS HCT"	0.0121962086826102
"1359"	"BONIVA,PRILOSEC"	0.0121962086826102
"1360"	"DYAZIDE,ORTHO EVRA"	0.0121962086826102
"1361"	"EFFEXOR,ROZEREM"	0.0121962086826102
"1362"	"FENTANYL,XANAX"	0.0121962086826102
"1363"	"FOSAMAX,ZETIA"	0.0121962086826102
"1364"	"GEODON,HALDOL"	0.0121962086826102
"1365"	"GLEEVEC,TASIGNA"	0.0121962086826102
"1366"	"OXYCONTIN,ULTRAM"	0.0121962086826102
"1367"	"SEROQUEL,VYVANSE"	0.0121962086826102
"1368"	"ZOLOFT,ZOLPIDEM TARTRATE"	0.0121962086826102
"1369"	"HUMIRA,SULFASALAZINE"	0.0121587978915221
"1370"	"IRINOTECAN HCL,VELCADE"	0.0121587978915221
"1371"	"ABILIFY,ZYPREXA"	0.0120793951597494
"1372"	"FOSAMAX,PREMARIN"	0.0119953417185596
"1373"	"GEMZAR,PACLITAXEL"	0.0119953417185596
"1374"	"CYCLOSPORINE,RAPAMUNE"	0.0119758518108561
"1375"	"LORCET-HD,VIOXX"	0.0119758518108561
"1376"	"ACTONEL,FOSAMAX"	0.011931345382605
"1377"	"CASODEX,ZOMETA"	0.0118860856048645
"1378"	"ACETAMINOPHEN,IBUPROFEN"	0.0118850262363599
"1379"	"FORTEO,HUMIRA"	0.0118676708735693
"1380"	"PAXIL CR,WELLBUTRIN XL"	0.0118676708735693
"1381"	"PROZAC,VIOXX"	0.0118676708735693
"1382"	"HUMIRA,LEFLUNOMIDE"	0.0118459337066505
"1383"	"RISPERIDONE,ZYPREXA"	0.0117796667794867
"1384"	"DEPAKOTE,SEROQUEL"	0.0117224776349796
"1385"	"ACCUTANE,TYLENOL (CAPLET)"	0.0117099422286582
"1386"	"DIANEAL,DIANEAL PD-2 W/ DEXTROSE 1.5%"	0.0117088499018965
"1387"	"GEODON,RISPERDAL"	0.0117001555957236
"1388"	"INVEGA,SEROQUEL"	0.0116732924278815
"1389"	"BACLOFEN,REBIF"	0.0116508040656942
"1390"	"ABILIFY,LAMOTRIGINE"	0.0115930478754914
"1391"	"ALLEGRA,SYNTHROID"	0.0115930478754914
"1392"	"ALLI,YASMIN"	0.0115930478754914
"1393"	"ATIVAN,AVONEX"	0.0115930478754914
"1394"	"AVONEX,NEXIUM"	0.0115930478754914
"1395"	"BEXTRA,SYNTHROID"	0.0115930478754914
"1396"	"CARBOPLATIN,DOXORUBICIN HCL"	0.0115930478754914
"1397"	"CELEXA,REBIF"	0.0115930478754914
"1398"	"CYMBALTA,ZYVOX"	0.0115930478754914
"1399"	"FORTEO,PREDNISONE TAB"	0.0115930478754914
"1400"	"FORTEO,THYROID TAB"	0.0115930478754914
"1401"	"HYDROCHLOROTHIAZIDE,NORVASC"	0.0115930478754914
"1402"	"LEUPROLIDE ACETATE,THALOMID"	0.0115930478754914
"1403"	"NOVOLIN N,NOVOLOG"	0.0115930478754914
"1404"	"PRILOSEC,YAZ"	0.0115930478754914
"1405"	"REGLAN,ZANTAC"	0.0115930478754914
"1406"	"REMICADE,SYNTHROID"	0.0115930478754914
"1407"	"ZETIA,ZYRTEC"	0.0115930478754914
"1408"	"ACETAMINOPHEN,AUGMENTIN '125'"	0.0115887664790755
"1409"	"ALPRAZOLAM,MIRTAZAPINE"	0.0115887664790755
"1410"	"CLOZAPINE,VALPROIC ACID"	0.0115887664790755
"1411"	"CUBICIN,LINEZOLID"	0.0115887664790755
"1412"	"EFFEXOR XR,KLONOPIN"	0.0115887664790755
"1413"	"INVEGA,LAMICTAL"	0.0115887664790755
"1414"	"LAMICTAL,VENLAFAXINE HCL"	0.0115887664790755
"1415"	"AMIODARONE HCL,WARFARIN SODIUM"	0.0115826277348039
"1416"	"LAMICTAL,VALPROATE SODIUM"	0.011492864485172
"1417"	"BUPROPION HCL,ZYPREXA"	0.0114820607800517
"1418"	"INFERGEN,RIBAVIRIN"	0.0114820607800517
"1419"	"METHADONE HCL,SEROQUEL"	0.0114820607800517
"1420"	"CELLCEPT,PROGRAF"	0.0114688989132379
"1421"	"PAROXETINE HYDROCHLORIDE,PAXIL"	0.0114660239728881
"1422"	"CALCIUM GLUCONATE,FORTEO"	0.0114563141902162
"1423"	"ASPIRIN,FORTEO"	0.0114523574889662
"1424"	"FORTEO,SYNTHROID"	0.0114337447270691
"1425"	"ADDERALL 10,LAMICTAL"	0.0113853986269752
"1426"	"THALIDOMIDE,ZOMETA"	0.0113601230022217
"1427"	"DIOVAN,DIOVAN HCT"	0.0113586955255213
"1428"	"OLANZAPINE,RISPERIDONE"	0.011339778050613
"1429"	"SEROQUEL,ZOLOFT"	0.0113162288199798
"1430"	"EFFEXOR XR,ZYPREXA"	0.011284632443288
"1431"	"LEXAPRO,ZYPREXA"	0.011284632443288
"1432"	"COMBIVIR,SUSTIVA"	0.011255651106082
"1433"	"CYMBALTA,STRATTERA"	0.0112298840684546
"1434"	"EFFEXOR,EFFEXOR XR"	0.0112250432085897
"1435"	"CYCLOPHOSPHAMIDE,DOXORUBICIN HCL"	0.0112209320055031
"1436"	"RISPERDAL,ZOLOFT"	0.0111641664472127
"1437"	"ATENOLOL,HYDROCHLOROTHIAZIDE"	0.0111601244424435
"1438"	"AVONEX,TOPAMAX"	0.0111601244424435
"1439"	"BENICAR,BENICAR HCT"	0.0111601244424435
"1440"	"BUPIVACAINE,LIDOCAINE"	0.0111601244424435
"1441"	"CHANTIX,LOTREL"	0.0111601244424435
"1442"	"CHANTIX,SYNTHROID"	0.0111601244424435
"1443"	"DIOVAN,ZETIA"	0.0111601244424435
"1444"	"FORTEO,MIACALCIN"	0.0111601244424435
"1445"	"FORTEO,NEXIUM"	0.0111601244424435
"1446"	"INFERGEN,REBETOL"	0.0111601244424435
"1447"	"KLONOPIN,ROZEREM"	0.0111601244424435
"1448"	"LEVOXYL,SYNTHROID"	0.0111601244424435
"1449"	"MIRTAZAPINE,RISPERDAL"	0.0111601244424435
"1450"	"NORVASC,VESICARE"	0.0111601244424435
"1451"	"PAXIL,PREMARIN"	0.0111601244424435
"1452"	"REBIF,ZOLOFT"	0.0111601244424435
"1453"	"TOPAMAX,WELLBUTRIN XL"	0.0111601244424435
"1454"	"LEXAPRO,SEROQUEL"	0.0111331530869861
"1455"	"BETAMETHASONE,NICARDIPINE HCL"	0.0111282707013809
"1456"	"CONCERTA,LAMICTAL"	0.0111282707013809
"1457"	"COZAAR,HYZAAR"	0.0111282707013809
"1458"	"AVELOX,LEVAQUIN"	0.0111277721965632
"1459"	"CLOZAPINE,ZYPREXA"	0.0111274739842977
"1460"	"CLOZARIL,SEROQUEL"	0.0111274739842977
"1461"	"KALETRA,VIREAD"	0.0111119654566899
"1462"	"CUBICIN,VANCOMYCIN"	0.0110756488349466
"1463"	"GEMZAR,TAXOL"	0.0110701191462839
"1464"	"INTRON A,REBETOL"	0.0110537274296844
"1465"	"ARIMIDEX,TAMOXIFEN CITRATE"	0.011046690370324
"1466"	"CARBAMAZEPINE,VALPROATE SODIUM"	0.0110340315024919
"1467"	"DEPAKOTE,ZYPREXA"	0.0110335086417313
"1468"	"LEVOTHYROXINE SODIUM,SYNTHROID"	0.0110171921126485
"1469"	"EFFEXOR XR,SEROQUEL"	0.0110152412203096
"1470"	"AMNESTEEM,CLARAVIS"	0.0109596851554322
"1471"	"ACCUTANE,IBUPROFEN"	0.0108986004057307
"1472"	"DEXAMETHASONE TAB,THALOMID"	0.0108640024778958
"1473"	"HEPARIN,WARFARIN SODIUM"	0.0108466689710844
"1474"	"ARIMIDEX,HERCEPTIN"	0.0108344865616123
"1475"	"CLIMARA,SYNTHROID"	0.0108344865616123
"1476"	"LORTAB,LYRICA"	0.0108344865616123
"1477"	"NORVASC,VIAGRA"	0.0108344865616123
"1478"	"REVLIMID,WARFARIN SODIUM"	0.0108344865616123
"1479"	"LORAZEPAM,SEROQUEL"	0.0107883743354653
"1480"	"DEPAKOTE,LAMICTAL"	0.0107801588016272
"1481"	"HERCEPTIN,XELODA"	0.0107789309145775
"1482"	"KLONOPIN,LAMICTAL"	0.0107150466765687
"1483"	"FORTEO,VITAMIN D"	0.0107002037462562
"1484"	"REBETOL,VIRAFERONPEG"	0.0106958028282986
"1485"	"CASODEX,ZOLADEX"	0.0106886207871598
"1486"	"HUMIRA,LEVOTHYROXINE SODIUM"	0.0106547092428741
"1487"	"ACTOS,INSULIN"	0.0106498043106094
"1488"	"FUROSEMIDE,METOLAZONE"	0.0106498043106094
"1489"	"ABRAXANE,AVASTIN"	0.010597620682116
"1490"	"AZATHIOPRINE,PREDNISOLONE"	0.010597620682116
"1491"	"FEMARA,ZOMETA"	0.010597620682116
"1492"	"FLUOXETINE,ZYPREXA"	0.010594600577186
"1493"	"PROZAC,ZYPREXA"	0.010594600577186
"1494"	"ACTONEL,ARIMIDEX"	0.0105807620682784
"1495"	"ALENDRONATE SODIUM,FOSAMAX"	0.0105807620682784
"1496"	"AMOXICILLIN,METRONIDAZOLE"	0.0105807620682784
"1497"	"CHANTIX,LEXAPRO"	0.0105807620682784
"1498"	"FORTEO,PRILOSEC"	0.0105807620682784
"1499"	"GEODON,ZOLOFT"	0.0105807620682784
"1500"	"NEUPRO,REQUIP"	0.0105807620682784
"1501"	"HALDOL,SEROQUEL"	0.0105273101757711
"1502"	"AVONEX,NOVANTRONE"	0.0105039106680857
"1503"	"DEPAKOTE,RISPERDAL"	0.0104962052164162
"1504"	"DECADRON,VELCADE"	0.0104922237823351
"1505"	"PREMARIN,VIOXX"	0.0104922237823351
"1506"	"CISPLATIN,FLUOROURACIL"	0.0104527765881794
"1507"	"ASPIRIN,DIPYRIDAMOLE"	0.0104434757222419
"1508"	"REMICADE,RHEUMATREX"	0.0104355869354403
"1509"	"FLUOROURACIL,LEUCOVORIN CALCIUM"	0.0104331200137511
"1510"	"KINERET,METHOTREXATE"	0.0103970955028055
"1511"	"BONIVA,FOSAMAX"	0.0103932494413975
"1512"	"ACCUTANE,MINOCIN"	0.0103775468790491
"1513"	"ASPIRIN,BONIVA"	0.0103775468790491
"1514"	"ASPIRIN,LISINOPRIL"	0.0103775468790491
"1515"	"AZATHIOPRINE,ENBREL"	0.0103775468790491
"1516"	"BONIVA,NEXIUM"	0.0103775468790491
"1517"	"BYETTA,PRILOSEC"	0.0103775468790491
"1518"	"CHANTIX,IBUPROFEN"	0.0103775468790491
"1519"	"HERCEPTIN,TAXOTERE"	0.010345936025219
"1520"	"ENBREL,IBUPROFEN"	0.0103252113874099
"1521"	"ENBREL,PREDNISONE"	0.010310814165212
"1522"	"PEG-INTRON,REBETOL"	0.0102998549499643
"1523"	"EVISTA,FORTEO"	0.0102963194472666
"1524"	"ATIVAN,PAXIL"	0.0102904007898969
"1525"	"RISPERDAL,SEROQUEL"	0.0102903155043921
"1526"	"EFFEXOR XR,XANAX"	0.0102504605013143
"1527"	"GEODON,ZYPREXA"	0.0102504605013143
"1528"	"RISPERDAL,RISPERDAL CONSTA"	0.010236109393983
"1529"	"LAMOTRIGINE,LEVETIRACETAM"	0.0102325210680746
"1530"	"REYATAZ,TRUVADA"	0.0102325210680746
"1531"	"ACTOS,AMARYL"	0.0102154562610982
"1532"	"ADVAIR DISKUS 100/50,ALLEGRA"	0.0102111536322236
"1533"	"AMITRIPTYLINE HCL,PAROXETINE HCL"	0.0102111536322236
"1534"	"ATENOLOL,FORTEO"	0.0102111536322236
"1535"	"BETASERON,SOLU-MEDROL"	0.0102111536322236
"1536"	"CELEXA,SEROQUEL"	0.0102111536322236
"1537"	"CLARAVIS,YASMIN"	0.0102111536322236
"1538"	"DIOVAN,TOPROL-XL"	0.0102111536322236
"1539"	"KALETRA,TRUVADA"	0.0101829844795528
"1540"	"CYMBALTA,EFFEXOR"	0.0101699439420235
"1541"	"CERTICAN,NEORAL"	0.0101684083150108
"1542"	"ADVAIR DISKUS 100/50,SEREVENT"	0.0101531992588728
"1543"	"EFFEXOR XR,WELLBUTRIN"	0.0101387807939385
"1544"	"NEURONTIN,VIOXX"	0.0101387807939385
"1545"	"RISPERDAL,ZYPREXA"	0.0101257146177101
"1546"	"REBIF,SOLU-MEDROL"	0.0101237005001721
"1547"	"LAMICTAL,WELLBUTRIN XL"	0.0101157080621621
"1548"	"CIPROFLOXACIN,METRONIDAZOLE"	0.0100802512674273
"1549"	"HERCEPTIN,TAXOL"	0.0100785452695553
"1550"	"ALLI,SYNTHROID"	0.0100724256631609
"1551"	"ALLOPURINOL,GLEEVEC"	0.0100724256631609
"1552"	"SPIRIVA,XOPENEX"	0.0100724256631609
"1553"	"SYNTHROID,ZELNORM"	0.0100724256631609
"1554"	"AMNESTEEM,ISOTRETINOIN"	0.0100596223440847
"1555"	"JANUVIA,LANTUS"	0.0100596223440847
"1556"	"PREDNISONE,PROGRAF"	0.0100596223440847
"1557"	"MICARDIS,NORVASC"	0.0100463746339959
"1558"	"JANUVIA,METFORMIN HCL"	0.0100424778086097
"1559"	"ARAVA,REMICADE"	0.0100333535807456
"1560"	"MIFEPREX,MISOPROSTOL"	0.0100311713772764
"1561"	"ABILIFY,LAMICTAL"	0.0100170957835805
"1562"	"DEPAKENE,LAMOTRIGINE"	0.0100139624262587
"1563"	"SODIUM CHLORIDE 0.9%,SODIUM CITRATE"	0.0100113686896751
"1564"	"ARAVA,METHOTREXATE"	0.00997708877805508
"1565"	"DEXAMETHASONE TAB,REVLIMID"	0.00997706384948779
"1566"	"GEODON,LAMICTAL"	0.00996449696704401
"1567"	"ASPIRIN,REVLIMID"	0.00995500104715058
"1568"	"DEPAKOTE,RISPERIDONE"	0.00995500104715058
"1569"	"DURAGESIC-100,NADOLOL"	0.00995500104715058
"1570"	"JANUMET,JANUVIA"	0.00995500104715058
"1571"	"LAMICTAL,WELLBUTRIN SR"	0.00995500104715058
"1572"	"LYRICA,TRAMADOL HCL"	0.00995500104715058
"1573"	"MIRENA,YAZ"	0.00995500104715058
"1574"	"COMBIVIR,VIREAD"	0.00995386391985077
"1575"	"PARAPLATIN,TAXOL"	0.0099332054612831
"1576"	"MIRAPEX,REQUIP"	0.00993067178193183
"1577"	"WELLBUTRIN XL,ZOLOFT"	0.00992491573119736
"1578"	"LEVOTHYROXINE SODIUM,MIRENA"	0.00990280228430903
"1579"	"ARIMIDEX,NOLVADEX"	0.0098763995922387
"1580"	"KALETRA,LAMIVUDINE + ZIDOVUDINE"	0.00986529579400539
"1581"	"NORVASC,VIOXX"	0.00986292594791796
"1582"	"AVANDIA,LANTUS"	0.00985432991353698
"1583"	"CELLCEPT,SANDIMMUNE"	0.00985432991353698
"1584"	"PAXIL,RITALIN"	0.00985432991353698
"1585"	"PREDNISONE TAB,REVLIMID"	0.00985432991353698
"1586"	"REBIF,TYSABRI"	0.00985432991353698
"1587"	"PROZAC,SEROQUEL"	0.0098454842612644
"1588"	"HUMIRA,PREDNISONE"	0.00982808913651489
"1589"	"ABILIFY,LEXAPRO"	0.00981788110072542
"1590"	"BYETTA,INSULIN"	0.00979924269803742
"1591"	"HERCEPTIN,TAMOXIFEN CITRATE"	0.00979759307757427
"1592"	"ALBUTEROL,FLOVENT"	0.00978461920862945
"1593"	"EFFEXOR,ZYPREXA"	0.0097825587778087
"1594"	"HYDROCHLOROTHIAZIDE,LISINOPRIL"	0.00977905286486946
"1595"	"BICALUTAMIDE,LEUPROLIDE ACETATE"	0.00976884018441737
"1596"	"ADVAIR DISKUS 100/50,PROVENTIL"	0.00976706911868579
"1597"	"ATENOLOL,NORVASC"	0.00976706911868579
"1598"	"AVANDAMET,INSULIN"	0.00976706911868579
"1599"	"LUNESTA,MULTIVITAMIN"	0.00976706911868579
"1600"	"LYRICA,OXYCODONE HCL"	0.00976706911868579
"1601"	"PREVACID,VIOXX"	0.00976706911868579
"1602"	"TOPAMAX,VALPROATE SODIUM"	0.00976706911868579
"1603"	"ZOLADEX,ZOMETA"	0.00976706911868579
"1604"	"ABILIFY,PROZAC"	0.00975309890784959
"1605"	"AVASTIN,TARCEVA"	0.00973053073098265
"1606"	"HERCEPTIN,NAVELBINE"	0.00971508074871231
"1607"	"LAMICTAL,SEROQUEL"	0.00970680192227511
"1608"	"VICODIN,VIOXX"	0.00970423359546333
"1609"	"PEG-INTRON,RIBASPHERE"	0.00969261625223954
"1610"	"ALTACE,COREG"	0.00969070992966177
"1611"	"CHANTIX,CYMBALTA"	0.00969070992966177
"1612"	"COPAXONE,REBIF"	0.00969070992966177
"1613"	"FORTEO,HYDROCHLOROTHIAZIDE"	0.00969070992966177
"1614"	"LEXAPRO,ZOLOFT"	0.00969070992966177
"1615"	"ENBREL,SORIATANE"	0.00967912278375288
"1616"	"CYCLOSPORINE,METHOTREXATE"	0.00964447775309235
"1617"	"TYLENOL (CAPLET),VIOXX"	0.00963897662105534
"1618"	"EFAVIRENZ,TRUVADA"	0.00963644698861331
"1619"	"NEXIUM,PRILOSEC"	0.00962333358993782
"1620"	"REQUIP,STALEVO 100"	0.00962333358993782
"1621"	"SEROQUEL,TRILEPTAL"	0.00962333358993782
"1622"	"ENOXAPARIN SODIUM,WARFARIN SODIUM"	0.00961345697568822
"1623"	"COPEGUS,PEGASYS"	0.0096108268489637
"1624"	"DEPAKENE,LAMICTAL"	0.00960280805303953
"1625"	"ENBREL,HUMIRA"	0.00959859737851997
"1626"	"DECADRON,THALOMID"	0.00959155377878655
"1627"	"GEODON,SEROQUEL"	0.00959116387374091
"1628"	"DEXAMETHASONE TAB,VELCADE"	0.00957706010447514
"1629"	"PEG-INTRON,RIBAVIRIN"	0.00957265443857067
"1630"	"ALEVE,LEVOTHROID"	0.00956344100685195
"1631"	"ALPRAZOLAM,PAXIL"	0.00956344100685195
"1632"	"AVANDAMET,METFORMIN HCL"	0.00956344100685195
"1633"	"BYETTA,METAGLIP"	0.00956344100685195
"1634"	"DURAGESIC,HERCEPTIN"	0.00956344100685195
"1635"	"MIRAPEX,SINEMET"	0.00956344100685195
"1636"	"ACTONEL,FORTEO"	0.00953592370950692
"1637"	"TYLENOL,WARFARIN SODIUM"	0.00953198116596609
"1638"	"LAMICTAL,TRILEPTAL"	0.00952338909190032
"1639"	"HUMIRA,PREDNISONE TAB"	0.00951594906631838
"1640"	"ACTIQ,DURAGESIC-100"	0.00950985339077752
"1641"	"HUMIRA,WARFARIN SODIUM"	0.00950985339077752
"1642"	"ISOTRETINOIN,YASMIN"	0.00950985339077752
"1643"	"CARBOPLATIN,TAXOL"	0.00950567888170693
"1644"	"COMBIVIR,VIRAMUNE"	0.009502847770701
"1645"	"METHOTREXATE,ORENCIA"	0.00948577639700176
"1646"	"KLONOPIN,PAXIL"	0.00948512149346451
"1647"	"ACETAMINOPHEN,REBIF"	0.00946162509154837
"1648"	"GLIPIZIDE,METFORMIN HCL"	0.00946162509154837
"1649"	"ZYPREXA,ZYRTEC"	0.00946162509154837
"1650"	"ACETAMINOPHEN,TAMIFLU"	0.00946045644019113
"1651"	"PEGASYS,RIBAVIRIN"	0.00945862066502632
"1652"	"TYKERB,XELODA"	0.00945637926758928
"1653"	"SUSTIVA,TRUVADA"	0.0094511499416731
"1654"	"PAXIL,SEROQUEL"	0.00943646673129462
"1655"	"COMBIVENT,SEREVENT"	0.00941799235491363
"1656"	"DIANEAL,HEPARIN SODIUM"	0.00941799235491363
"1657"	"LORAZEPAM,PAXIL"	0.00941799235491363
"1658"	"MIRENA,MOTRIN"	0.00941799235491363
"1659"	"NEULASTA,TAXOTERE"	0.00941799235491363
"1660"	"REQUIP,SINEMET"	0.00939769867392238
"1661"	"ABILIFY,RISPERDAL"	0.00939419249903874
"1662"	"HUMIRA,METHOTREXATE"	0.0093564144373527
"1663"	"ATENOLOL,LUNESTA"	0.00934211561491759
"1664"	"IRESSA,TAXOTERE"	0.00934211561491759
"1665"	"MORPHINE SULFATE,OXYCONTIN"	0.00933320077047989
"1666"	"KEPPRA,LAMICTAL"	0.00932417623606547
"1667"	"CARBOPLATIN,TAXOTERE"	0.00932217768364018
"1668"	"CYMBALTA,WELLBUTRIN"	0.0093130898043017
"1669"	"ENBREL,IMURAN"	0.00931096897371954
"1670"	"BONIVA,SYNTHROID"	0.00930892062879016
"1671"	"COUMADIN,REVLIMID"	0.00930892062879016
"1672"	"GABAPENTIN,NEURONTIN"	0.00930892062879016
"1673"	"LAMICTAL,STRATTERA"	0.00930892062879016
"1674"	"LEXAPRO,MIRENA"	0.00930892062879016
"1675"	"NEURONTIN,REBIF"	0.00930892062879016
"1676"	"ACETYLSALICYLIC ACID SRT,SIMCOR"	0.00929846281885273
"1677"	"ACCUTANE,ORTHO TRI-CYCLEN"	0.00928072163824025
"1678"	"ASPIRIN,HEPARIN"	0.00927838266942632
"1679"	"AVONEX,PROVIGIL"	0.00927838266942632
"1680"	"ABILIFY,DEPAKOTE"	0.00926636951737161
"1681"	"AVONEX,BACLOFEN"	0.00926401258802654
"1682"	"ELOXATIN,XELODA"	0.00925967975413419
"1683"	"ACTONEL,BONIVA"	0.00922409963139829
"1684"	"ACTOPLUS MET,BYETTA"	0.00922409963139829
"1685"	"HUMALOG,HUMALOG MIX 75/25"	0.00922409963139829
"1686"	"LAMICTAL,NEURONTIN"	0.00922409963139829
"1687"	"FLOVENT,SEREVENT"	0.00921582451778243
"1688"	"EFFEXOR,WELLBUTRIN"	0.00919986816778624
"1689"	"ABILIFY,SEROQUEL"	0.00919407651674616
"1690"	"AVANDIA,METFORMIN HCL"	0.00917758134425865
"1691"	"FOSAMAX,SYNTHROID"	0.00917730707745666
"1692"	"HUMIRA,MESALAMINE"	0.00917730707745666
"1693"	"ARAVA,ENBREL"	0.00916653221539261
"1694"	"CARBOPLATIN,GEMZAR"	0.00914532211713626
"1695"	"BYETTA,METFORMIN"	0.00913853066787618
"1696"	"PENTASA,REMICADE"	0.00913655802095918
"1697"	"LITHIUM CARBONATE,SEROQUEL"	0.00911809414754691
"1698"	"CYMBALTA,LYRICA"	0.0091007519878058
"1699"	"ELIDEL,PROTOPIC"	0.0091007519878058
"1700"	"LAMICTAL,ZYPREXA"	0.0091007519878058
"1701"	"CYCLOSPORINE,PREDNISOLONE"	0.00909689739094579
"1702"	"TRUVADA,VIRAMUNE"	0.00909241186074755
"1703"	"LAMICTAL,PROZAC"	0.00908442830364807
"1704"	"KALETRA,TRIZIVIR"	0.00906904028275719
"1705"	"ADVAIR DISKUS 100/50,SINGULAIR"	0.00906410321633307
"1706"	"ENBREL,METHOTREXATE"	0.00905830047872207
"1707"	"EFFEXOR,LAMICTAL"	0.00905171138417669
"1708"	"HUMALOG,HUMULIN R"	0.00904075947344584
"1709"	"ALLI,MULTI-VITAMIN"	0.0090277356890903
"1710"	"ENBREL,PLAQUENIL"	0.00902686199644275
"1711"	"SEROQUEL,ZYPREXA"	0.00902533263745821
"1712"	"COMBIVIR,KALETRA"	0.00901603663138659
"1713"	"AVONEX,REBIF"	0.00901538146980124
